{"type":"FeatureCollection","features":[{"type":"Feature","properties":{"name":"Cyprus"},"geometry":{"type":"MultiPolygon","coordinates":[[[[33.782,34.976],[33.781,34.976],[33.78,34.979],[33.776,34.98],[33.771,34.98],[33.769,34.984],[33.765,34.986],[33.759,34.989],[33.761,34.99],[33.766,34.99],[33.774,34.989],[33.778,34.985],[33.783,34.985],[33.786,34.985],[33.791,34.982],[33.794,34.978],[33.793,34.978],[33.788,34.977],[33.785,34.976],[33.782,34.976]]],[[[33.743,35.001],[33.74,35.003],[33.739,35.005],[33.74,35.01],[33.741,35.014],[33.746,35.015],[33.752,35.014],[33.752,35.004],[33.747,35.003],[33.743,35.001]]],[[[33.703,34.988],[33.702,34.973],[33.68,34.966],[33.654,34.945],[33.647,34.932],[33.64,34.916],[33.635,34.898],[33.633,34.88],[33.635,34.861],[33.633,34.852],[33.623,34.849],[33.617,34.845],[33.61,34.827],[33.606,34.822],[33.59,34.818],[33.557,34.818],[33.544,34.815],[33.535,34.808],[33.525,34.796],[33.513,34.785],[33.5,34.781],[33.468,34.774],[33.439,34.763],[33.415,34.758],[33.4,34.773],[33.399,34.745],[33.371,34.731],[33.297,34.718],[33.282,34.712],[33.273,34.707],[33.26,34.701],[33.246,34.698],[33.174,34.705],[33.102,34.698],[33.086,34.695],[33.072,34.687],[33.026,34.651],[33.016,34.634],[32.991,34.634],[32.97,34.632],[32.963,34.625],[32.956,34.629],[32.954,34.643],[32.966,34.652],[32.97,34.646],[32.99,34.646],[32.988,34.673],[32.955,34.677],[32.942,34.667],[32.936,34.658],[32.93,34.662],[32.917,34.667],[32.914,34.66],[32.885,34.667],[32.866,34.679],[32.86,34.688],[32.86,34.701],[32.854,34.699],[32.846,34.699],[32.841,34.699],[32.836,34.7],[32.832,34.701],[32.827,34.697],[32.823,34.691],[32.819,34.688],[32.806,34.686],[32.799,34.671],[32.779,34.673],[32.767,34.676],[32.76,34.669],[32.761,34.653],[32.749,34.65],[32.707,34.645],[32.666,34.652],[32.626,34.666],[32.575,34.693],[32.557,34.699],[32.536,34.704],[32.493,34.707],[32.476,34.713],[32.459,34.722],[32.419,34.748],[32.413,34.753],[32.407,34.782],[32.403,34.787],[32.402,34.796],[32.379,34.849],[32.368,34.857],[32.347,34.869],[32.338,34.876],[32.329,34.886],[32.323,34.898],[32.323,34.911],[32.331,34.924],[32.312,34.95],[32.31,34.961],[32.31,34.983],[32.306,35.001],[32.284,35.032],[32.276,35.048],[32.272,35.073],[32.275,35.091],[32.287,35.097],[32.307,35.086],[32.337,35.059],[32.353,35.048],[32.372,35.041],[32.414,35.043],[32.45,35.059],[32.48,35.083],[32.502,35.109],[32.517,35.14],[32.528,35.157],[32.543,35.166],[32.545,35.171],[32.548,35.176],[32.554,35.178],[32.559,35.177],[32.566,35.173],[32.568,35.172],[32.575,35.171],[32.585,35.173],[32.593,35.161],[32.607,35.154],[32.622,35.152],[32.634,35.154],[32.646,35.161],[32.653,35.174],[32.66,35.187],[32.692,35.184],[32.698,35.157],[32.704,35.144],[32.713,35.134],[32.728,35.127],[32.755,35.12],[32.775,35.11],[32.796,35.103],[32.807,35.095],[32.81,35.08],[32.81,35.071],[32.816,35.063],[32.826,35.059],[32.835,35.059],[32.861,35.065],[32.873,35.072],[32.877,35.077],[32.883,35.088],[32.891,35.092],[32.9,35.088],[32.906,35.081],[32.922,35.072],[32.935,35.072],[32.948,35.079],[32.967,35.095],[32.985,35.109],[33.003,35.116],[33.026,35.128],[33.037,35.136],[33.047,35.138],[33.072,35.135],[33.098,35.131],[33.123,35.131],[33.137,35.136],[33.143,35.14],[33.15,35.149],[33.174,35.163],[33.189,35.163],[33.203,35.158],[33.216,35.154],[33.229,35.153],[33.239,35.149],[33.252,35.137],[33.262,35.126],[33.279,35.118],[33.301,35.114],[33.309,35.116],[33.314,35.121],[33.315,35.129],[33.328,35.137],[33.348,35.155],[33.357,35.157],[33.373,35.156],[33.399,35.158],[33.416,35.16],[33.421,35.157],[33.421,35.145],[33.425,35.13],[33.432,35.124],[33.443,35.114],[33.457,35.101],[33.459,35.095],[33.46,35.078],[33.459,35.061],[33.459,35.042],[33.453,35.019],[33.446,35.001],[33.449,34.988],[33.459,34.978],[33.47,34.978],[33.486,34.982],[33.493,34.997],[33.497,35.026],[33.503,35.031],[33.51,35.037],[33.52,35.044],[33.527,35.037],[33.527,35.013],[33.534,35.0],[33.546,34.995],[33.564,35.001],[33.572,35.014],[33.581,35.02],[33.592,35.018],[33.603,35.012],[33.612,35.014],[33.62,35.017],[33.63,35.014],[33.64,35.01],[33.662,35.0],[33.674,34.999],[33.685,34.997],[33.701,34.989],[33.703,34.988]]],[[[33.898,35.061],[33.911,35.057],[33.921,35.053],[33.931,35.051],[33.945,35.051],[33.962,35.057],[33.98,35.057],[33.989,35.052],[34.002,35.047],[34.012,35.049],[34.017,35.052],[34.022,35.057],[34.036,35.047],[34.051,35.033],[34.062,35.006],[34.073,34.988],[34.087,34.972],[34.099,34.965],[34.085,34.964],[34.059,34.967],[34.035,34.972],[34.023,34.983],[34.012,34.988],[33.957,34.982],[33.91,34.97],[33.9,34.965],[33.892,34.958],[33.864,34.963],[33.846,34.96],[33.838,34.964],[33.85,34.973],[33.859,34.975],[33.859,34.992],[33.84,34.993],[33.829,35.001],[33.83,35.023],[33.822,35.03],[33.799,35.039],[33.804,35.05],[33.814,35.056],[33.827,35.061],[33.835,35.057],[33.841,35.051],[33.855,35.053],[33.868,35.06],[33.875,35.068],[33.88,35.073],[33.898,35.061]]]]}},{"type":"Feature","properties":{"name":"Israel"},"geometry":{"type":"MultiPolygon","coordinates":[[[[34.248,31.211],[34.264,31.224],[34.316,31.257],[34.351,31.289],[34.354,31.306],[34.346,31.341],[34.346,31.358],[34.367,31.393],[34.48,31.486],[34.495,31.494],[34.496,31.494],[34.528,31.52],[34.556,31.54],[34.52,31.558],[34.481,31.583],[34.49,31.6],[34.514,31.627],[34.603,31.758],[34.61,31.766],[34.666,31.874],[34.693,31.926],[34.712,31.952],[34.743,32.04],[34.744,32.045],[34.743,32.056],[34.743,32.06],[34.757,32.067],[34.838,32.281],[34.873,32.43],[34.904,32.561],[34.91,32.57],[34.916,32.615],[34.921,32.628],[34.919,32.643],[34.942,32.725],[34.948,32.814],[34.956,32.834],[34.97,32.841],[34.983,32.839],[35.003,32.828],[35.019,32.825],[35.028,32.827],[35.063,32.858],[35.067,32.867],[35.076,32.893],[35.08,32.906],[35.078,32.918],[35.065,32.923],[35.072,32.938],[35.078,32.999],[35.092,33.031],[35.096,33.05],[35.092,33.068],[35.096,33.071],[35.102,33.078],[35.106,33.081],[35.1,33.088],[35.104,33.089],[35.105,33.089],[35.185,33.084],[35.19,33.086],[35.201,33.093],[35.207,33.095],[35.213,33.094],[35.227,33.091],[35.234,33.091],[35.271,33.101],[35.284,33.101],[35.289,33.099],[35.295,33.097],[35.306,33.089],[35.316,33.079],[35.323,33.067],[35.332,33.057],[35.345,33.056],[35.402,33.068],[35.449,33.085],[35.48,33.087],[35.485,33.103],[35.504,33.131],[35.512,33.147],[35.518,33.173],[35.52,33.222],[35.528,33.244],[35.537,33.258],[35.543,33.272],[35.549,33.281],[35.561,33.282],[35.567,33.276],[35.585,33.252],[35.598,33.244],[35.598,33.244],[35.598,33.244],[35.604,33.24],[35.604,33.24],[35.605,33.244],[35.605,33.244],[35.618,33.256],[35.62,33.27],[35.631,33.275],[35.652,33.277],[35.66,33.289],[35.699,33.323],[35.716,33.327],[35.729,33.328],[35.744,33.331],[35.758,33.336],[35.769,33.343],[35.786,33.358],[35.806,33.391],[35.821,33.407],[35.822,33.401],[35.817,33.395],[35.815,33.379],[35.812,33.373],[35.81,33.36],[35.794,33.35],[35.786,33.343],[35.764,33.334],[35.802,33.312],[35.769,33.273],[35.776,33.265],[35.804,33.248],[35.808,33.202],[35.83,33.19],[35.833,33.161],[35.822,33.142],[35.811,33.127],[35.811,33.112],[35.849,33.099],[35.846,33.085],[35.859,32.99],[35.865,32.978],[35.888,32.945],[35.874,32.922],[35.867,32.921],[35.85,32.896],[35.838,32.866],[35.842,32.854],[35.834,32.828],[35.784,32.778],[35.758,32.744],[35.757,32.744],[35.74,32.741],[35.685,32.711],[35.652,32.686],[35.64,32.681],[35.636,32.679],[35.612,32.682],[35.612,32.682],[35.612,32.682],[35.594,32.67],[35.579,32.653],[35.57,32.647],[35.563,32.644],[35.561,32.641],[35.56,32.633],[35.564,32.625],[35.573,32.621],[35.573,32.615],[35.566,32.615],[35.566,32.608],[35.571,32.599],[35.574,32.573],[35.58,32.56],[35.576,32.555],[35.574,32.554],[35.574,32.557],[35.573,32.56],[35.57,32.557],[35.566,32.546],[35.559,32.553],[35.563,32.532],[35.566,32.526],[35.552,32.526],[35.552,32.519],[35.557,32.519],[35.561,32.519],[35.569,32.51],[35.571,32.506],[35.58,32.498],[35.58,32.491],[35.571,32.489],[35.565,32.484],[35.561,32.477],[35.559,32.47],[35.563,32.468],[35.565,32.466],[35.568,32.465],[35.573,32.464],[35.573,32.457],[35.566,32.453],[35.559,32.451],[35.566,32.444],[35.552,32.436],[35.554,32.434],[35.556,32.435],[35.558,32.434],[35.559,32.429],[35.552,32.429],[35.552,32.423],[35.558,32.418],[35.559,32.414],[35.555,32.411],[35.545,32.41],[35.55,32.399],[35.552,32.395],[35.557,32.391],[35.561,32.385],[35.48,32.402],[35.457,32.408],[35.433,32.408],[35.407,32.415],[35.401,32.44],[35.402,32.471],[35.393,32.494],[35.363,32.51],[35.333,32.513],[35.27,32.51],[35.252,32.516],[35.224,32.536],[35.21,32.542],[35.209,32.543],[35.191,32.542],[35.177,32.533],[35.152,32.508],[35.121,32.491],[35.091,32.479],[35.064,32.463],[35.045,32.434],[35.033,32.382],[35.029,32.365],[35.022,32.345],[35.018,32.342],[35.005,32.338],[35.001,32.336],[34.997,32.323],[34.993,32.292],[34.99,32.278],[35.002,32.275],[35.009,32.268],[35.011,32.257],[35.008,32.244],[35.0,32.232],[34.961,32.202],[34.958,32.186],[34.963,32.173],[34.977,32.15],[34.987,32.124],[34.984,32.09],[35.007,32.021],[34.997,32.011],[34.999,31.994],[34.998,31.979],[34.987,31.967],[35.001,31.95],[35.008,31.945],[35.004,31.939],[35.005,31.934],[35.016,31.927],[35.03,31.924],[35.039,31.909],[35.034,31.861],[35.03,31.857],[35.007,31.856],[34.999,31.854],[34.99,31.846],[34.979,31.837],[34.977,31.833],[34.98,31.831],[35.002,31.828],[35.013,31.829],[35.027,31.833],[35.046,31.848],[35.056,31.853],[35.064,31.855],[35.076,31.854],[35.088,31.848],[35.098,31.831],[35.112,31.824],[35.121,31.825],[35.137,31.814],[35.174,31.808],[35.186,31.809],[35.186,31.814],[35.182,31.82],[35.184,31.825],[35.19,31.827],[35.197,31.826],[35.213,31.819],[35.216,31.82],[35.216,31.824],[35.216,31.839],[35.213,31.853],[35.209,31.863],[35.205,31.871],[35.205,31.877],[35.212,31.881],[35.222,31.879],[35.227,31.867],[35.226,31.857],[35.227,31.85],[35.233,31.843],[35.245,31.845],[35.25,31.844],[35.254,31.841],[35.257,31.839],[35.252,31.831],[35.254,31.829],[35.26,31.829],[35.265,31.826],[35.261,31.819],[35.256,31.812],[35.259,31.801],[35.26,31.793],[35.263,31.79],[35.258,31.784],[35.253,31.77],[35.253,31.763],[35.26,31.757],[35.263,31.749],[35.258,31.742],[35.252,31.738],[35.249,31.724],[35.244,31.719],[35.242,31.711],[35.238,31.709],[35.231,31.713],[35.228,31.717],[35.224,31.719],[35.219,31.715],[35.205,31.723],[35.179,31.72],[35.167,31.732],[35.154,31.733],[35.149,31.737],[35.126,31.733],[35.114,31.718],[35.093,31.702],[35.059,31.677],[34.974,31.63],[34.955,31.612],[34.953,31.608],[34.937,31.582],[34.933,31.555],[34.932,31.527],[34.927,31.494],[34.882,31.43],[34.867,31.396],[34.879,31.363],[34.901,31.348],[34.927,31.345],[34.955,31.349],[34.98,31.356],[35.04,31.363],[35.165,31.362],[35.223,31.381],[35.332,31.459],[35.39,31.487],[35.458,31.492],[35.459,31.492],[35.457,31.434],[35.457,31.424],[35.453,31.401],[35.435,31.361],[35.416,31.332],[35.424,31.325],[35.422,31.303],[35.408,31.282],[35.396,31.258],[35.401,31.23],[35.411,31.205],[35.421,31.185],[35.436,31.16],[35.443,31.132],[35.438,31.104],[35.392,31.024],[35.385,30.995],[35.385,30.963],[35.374,30.945],[35.347,30.923],[35.335,30.913],[35.322,30.89],[35.32,30.867],[35.32,30.845],[35.317,30.823],[35.311,30.813],[35.294,30.8],[35.286,30.792],[35.28,30.78],[35.276,30.769],[35.272,30.744],[35.264,30.72],[35.264,30.72],[35.205,30.617],[35.162,30.495],[35.157,30.471],[35.14,30.43],[35.14,30.406],[35.145,30.396],[35.159,30.376],[35.162,30.361],[35.16,30.348],[35.154,30.337],[35.148,30.326],[35.142,30.314],[35.132,30.262],[35.125,30.245],[35.125,30.216],[35.145,30.155],[35.145,30.123],[35.129,30.09],[35.086,30.034],[35.075,29.995],[35.074,29.983],[35.07,29.974],[35.065,29.966],[35.061,29.957],[35.054,29.923],[35.053,29.863],[35.049,29.842],[35.003,29.733],[34.995,29.708],[34.99,29.652],[34.98,29.627],[34.967,29.608],[34.96,29.586],[34.956,29.559],[34.951,29.546],[34.945,29.537],[34.928,29.518],[34.92,29.507],[34.916,29.5],[34.914,29.494],[34.911,29.49],[34.903,29.49],[34.894,29.491],[34.887,29.49],[34.878,29.504],[34.855,29.546],[34.848,29.57],[34.85,29.639],[34.824,29.742],[34.785,29.836],[34.741,29.94],[34.735,29.995],[34.736,30.001],[34.735,30.007],[34.733,30.013],[34.73,30.018],[34.692,30.115],[34.633,30.262],[34.599,30.345],[34.588,30.359],[34.534,30.4],[34.527,30.41],[34.525,30.421],[34.527,30.439],[34.536,30.469],[34.536,30.482],[34.526,30.495],[34.51,30.513],[34.504,30.53],[34.502,30.572],[34.48,30.651],[34.419,30.791],[34.368,30.907],[34.33,30.994],[34.298,31.079],[34.259,31.184],[34.248,31.211]]]]}},{"type":"Feature","properties":{"name":"Palestine"},"geometry":{"type":"MultiPolygon","coordinates":[[[[34.481,31.583],[34.52,31.558],[34.556,31.54],[34.528,31.52],[34.496,31.494],[34.495,31.494],[34.48,31.486],[34.367,31.393],[34.346,31.358],[34.346,31.341],[34.354,31.306],[34.351,31.289],[34.316,31.257],[34.264,31.224],[34.248,31.211],[34.23,31.259],[34.225,31.276],[34.2,31.314],[34.223,31.327],[34.237,31.342],[34.281,31.377],[34.302,31.408],[34.348,31.438],[34.368,31.468],[34.443,31.535],[34.479,31.578],[34.481,31.583]]],[[[34.987,31.967],[34.998,31.979],[34.999,31.994],[34.997,32.011],[35.007,32.021],[34.984,32.09],[34.987,32.124],[34.977,32.15],[34.963,32.173],[34.958,32.186],[34.961,32.202],[35.0,32.232],[35.008,32.244],[35.011,32.257],[35.009,32.268],[35.002,32.275],[34.99,32.278],[34.993,32.292],[34.997,32.323],[35.001,32.336],[35.005,32.338],[35.018,32.342],[35.022,32.345],[35.029,32.365],[35.033,32.382],[35.045,32.434],[35.064,32.463],[35.091,32.479],[35.121,32.491],[35.152,32.508],[35.177,32.533],[35.191,32.542],[35.209,32.543],[35.21,32.542],[35.224,32.536],[35.252,32.516],[35.27,32.51],[35.333,32.513],[35.363,32.51],[35.393,32.494],[35.402,32.471],[35.401,32.44],[35.407,32.415],[35.433,32.408],[35.457,32.408],[35.48,32.402],[35.561,32.385],[35.564,32.377],[35.566,32.368],[35.559,32.368],[35.559,32.375],[35.552,32.375],[35.552,32.368],[35.557,32.358],[35.557,32.328],[35.566,32.313],[35.561,32.302],[35.561,32.283],[35.565,32.264],[35.573,32.252],[35.568,32.25],[35.564,32.247],[35.561,32.243],[35.559,32.238],[35.573,32.238],[35.56,32.19],[35.555,32.174],[35.559,32.163],[35.559,32.155],[35.551,32.152],[35.547,32.147],[35.547,32.142],[35.552,32.135],[35.535,32.111],[35.535,32.099],[35.545,32.087],[35.528,32.075],[35.523,32.058],[35.525,32.012],[35.536,31.988],[35.538,31.978],[35.538,31.964],[35.54,31.956],[35.546,31.945],[35.545,31.937],[35.541,31.932],[35.534,31.93],[35.527,31.927],[35.525,31.919],[35.549,31.839],[35.538,31.827],[35.538,31.819],[35.559,31.765],[35.528,31.735],[35.502,31.685],[35.48,31.641],[35.464,31.569],[35.459,31.494],[35.459,31.493],[35.459,31.492],[35.459,31.492],[35.458,31.492],[35.39,31.487],[35.332,31.459],[35.223,31.381],[35.165,31.362],[35.04,31.363],[34.98,31.356],[34.955,31.349],[34.927,31.345],[34.901,31.348],[34.879,31.363],[34.867,31.396],[34.882,31.43],[34.927,31.494],[34.932,31.527],[34.933,31.555],[34.937,31.582],[34.953,31.608],[34.955,31.612],[34.974,31.63],[35.059,31.677],[35.093,31.702],[35.114,31.718],[35.126,31.733],[35.149,31.737],[35.154,31.733],[35.167,31.732],[35.179,31.72],[35.205,31.723],[35.219,31.715],[35.224,31.719],[35.228,31.717],[35.231,31.713],[35.238,31.709],[35.242,31.711],[35.244,31.719],[35.249,31.724],[35.252,31.738],[35.258,31.742],[35.263,31.749],[35.26,31.757],[35.253,31.763],[35.253,31.77],[35.258,31.784],[35.263,31.79],[35.26,31.793],[35.259,31.801],[35.256,31.812],[35.261,31.819],[35.265,31.826],[35.26,31.829],[35.254,31.829],[35.252,31.831],[35.257,31.839],[35.254,31.841],[35.25,31.844],[35.245,31.845],[35.233,31.843],[35.227,31.85],[35.226,31.857],[35.227,31.867],[35.222,31.879],[35.212,31.881],[35.205,31.877],[35.205,31.871],[35.209,31.863],[35.213,31.853],[35.216,31.839],[35.216,31.824],[35.216,31.82],[35.213,31.819],[35.197,31.826],[35.19,31.827],[35.184,31.825],[35.182,31.82],[35.186,31.814],[35.186,31.809],[35.174,31.808],[35.137,31.814],[35.121,31.825],[35.112,31.824],[35.098,31.831],[35.088,31.848],[35.076,31.854],[35.064,31.855],[35.056,31.853],[35.046,31.848],[35.027,31.833],[35.013,31.829],[35.002,31.828],[34.98,31.831],[34.977,31.833],[34.979,31.837],[34.99,31.846],[34.999,31.854],[35.007,31.856],[35.03,31.857],[35.034,31.861],[35.039,31.909],[35.03,31.924],[35.016,31.927],[35.005,31.934],[35.004,31.939],[35.008,31.945],[35.001,31.95],[34.987,31.967]]]]}},{"type":"Feature","properties":{"name":"Lebanon"},"geometry":{"type":"MultiPolygon","coordinates":[[[[35.105,33.089],[35.105,33.091],[35.106,33.095],[35.102,33.094],[35.1,33.096],[35.1,33.098],[35.1,33.101],[35.106,33.112],[35.115,33.124],[35.125,33.133],[35.148,33.14],[35.155,33.15],[35.161,33.162],[35.168,33.17],[35.162,33.177],[35.168,33.178],[35.171,33.177],[35.175,33.17],[35.205,33.225],[35.209,33.255],[35.188,33.28],[35.21,33.293],[35.225,33.312],[35.244,33.356],[35.246,33.369],[35.247,33.396],[35.25,33.41],[35.269,33.433],[35.275,33.445],[35.271,33.458],[35.323,33.491],[35.349,33.514],[35.36,33.543],[35.362,33.556],[35.401,33.643],[35.394,33.65],[35.41,33.661],[35.422,33.702],[35.438,33.711],[35.438,33.723],[35.477,33.804],[35.481,33.824],[35.483,33.865],[35.483,33.872],[35.48,33.884],[35.474,33.894],[35.47,33.902],[35.476,33.91],[35.487,33.913],[35.5,33.911],[35.511,33.907],[35.517,33.903],[35.524,33.903],[35.534,33.907],[35.548,33.906],[35.557,33.906],[35.572,33.91],[35.578,33.917],[35.588,33.937],[35.593,33.945],[35.593,33.949],[35.592,33.95],[35.586,33.951],[35.594,33.959],[35.606,33.983],[35.614,33.993],[35.62,33.995],[35.637,33.995],[35.641,33.999],[35.64,34.009],[35.636,34.013],[35.63,34.016],[35.627,34.02],[35.627,34.044],[35.643,34.088],[35.648,34.119],[35.645,34.131],[35.63,34.153],[35.627,34.167],[35.627,34.201],[35.63,34.208],[35.645,34.217],[35.648,34.222],[35.648,34.254],[35.653,34.285],[35.665,34.311],[35.689,34.328],[35.706,34.317],[35.722,34.337],[35.737,34.369],[35.751,34.39],[35.806,34.415],[35.824,34.435],[35.805,34.459],[35.805,34.465],[35.824,34.461],[35.903,34.478],[35.957,34.52],[35.973,34.53],[35.983,34.539],[35.989,34.553],[35.99,34.6],[35.987,34.621],[35.981,34.638],[35.97,34.65],[35.983,34.65],[35.991,34.648],[35.999,34.645],[36.016,34.634],[36.038,34.628],[36.061,34.628],[36.087,34.631],[36.112,34.63],[36.156,34.627],[36.16,34.628],[36.172,34.634],[36.178,34.635],[36.183,34.633],[36.195,34.626],[36.201,34.624],[36.262,34.627],[36.272,34.631],[36.281,34.639],[36.284,34.648],[36.285,34.668],[36.288,34.676],[36.309,34.688],[36.324,34.679],[36.347,34.644],[36.368,34.629],[36.391,34.622],[36.416,34.623],[36.44,34.629],[36.436,34.598],[36.429,34.593],[36.418,34.6],[36.404,34.604],[36.389,34.596],[36.387,34.584],[36.388,34.57],[36.384,34.554],[36.364,34.541],[36.337,34.529],[36.32,34.514],[36.33,34.499],[36.333,34.494],[36.335,34.493],[36.338,34.493],[36.341,34.493],[36.344,34.494],[36.363,34.499],[36.392,34.5],[36.42,34.498],[36.433,34.494],[36.433,34.494],[36.44,34.477],[36.45,34.465],[36.463,34.455],[36.48,34.449],[36.495,34.434],[36.502,34.43],[36.509,34.432],[36.525,34.423],[36.531,34.414],[36.53,34.403],[36.526,34.387],[36.524,34.38],[36.52,34.375],[36.517,34.37],[36.516,34.362],[36.519,34.354],[36.524,34.346],[36.545,34.321],[36.556,34.311],[36.563,34.309],[36.57,34.309],[36.577,34.308],[36.582,34.3],[36.58,34.287],[36.57,34.276],[36.563,34.263],[36.568,34.244],[36.574,34.23],[36.598,34.21],[36.604,34.2],[36.604,34.199],[36.576,34.173],[36.553,34.141],[36.508,34.109],[36.488,34.089],[36.483,34.075],[36.481,34.063],[36.475,34.054],[36.459,34.047],[36.445,34.046],[36.424,34.053],[36.412,34.054],[36.391,34.045],[36.358,34.01],[36.318,33.981],[36.302,33.964],[36.289,33.947],[36.267,33.91],[36.269,33.907],[36.275,33.897],[36.282,33.891],[36.311,33.872],[36.35,33.866],[36.368,33.858],[36.37,33.837],[36.358,33.824],[36.338,33.821],[36.301,33.829],[36.249,33.85],[36.232,33.853],[36.217,33.848],[36.203,33.838],[36.187,33.83],[36.166,33.83],[36.158,33.834],[36.145,33.847],[36.138,33.851],[36.102,33.832],[36.085,33.826],[36.066,33.822],[36.05,33.816],[36.041,33.806],[36.027,33.784],[35.994,33.761],[35.98,33.744],[35.974,33.732],[35.956,33.718],[35.948,33.709],[35.947,33.701],[35.95,33.683],[35.947,33.673],[35.942,33.669],[35.929,33.665],[35.925,33.662],[35.922,33.64],[35.935,33.633],[35.957,33.63],[35.98,33.619],[35.995,33.616],[36.013,33.608],[36.03,33.598],[36.038,33.586],[36.035,33.568],[36.02,33.553],[35.999,33.541],[35.98,33.534],[35.957,33.534],[35.933,33.528],[35.922,33.515],[35.935,33.494],[35.919,33.462],[35.888,33.44],[35.87,33.431],[35.845,33.419],[35.821,33.407],[35.806,33.391],[35.786,33.358],[35.769,33.343],[35.758,33.336],[35.744,33.331],[35.729,33.328],[35.716,33.327],[35.699,33.323],[35.66,33.289],[35.652,33.277],[35.631,33.275],[35.62,33.27],[35.618,33.256],[35.605,33.244],[35.605,33.244],[35.604,33.24],[35.604,33.24],[35.598,33.244],[35.598,33.244],[35.598,33.244],[35.585,33.252],[35.567,33.276],[35.561,33.282],[35.549,33.281],[35.543,33.272],[35.537,33.258],[35.528,33.244],[35.52,33.222],[35.518,33.173],[35.512,33.147],[35.504,33.131],[35.485,33.103],[35.48,33.087],[35.449,33.085],[35.402,33.068],[35.345,33.056],[35.332,33.057],[35.323,33.067],[35.316,33.079],[35.306,33.089],[35.295,33.097],[35.289,33.099],[35.284,33.101],[35.271,33.101],[35.234,33.091],[35.227,33.091],[35.213,33.094],[35.207,33.095],[35.201,33.093],[35.19,33.086],[35.185,33.084],[35.105,33.089]]]]}},{"type":"Feature","properties":{"name":"Syria"},"geometry":{"type":"MultiPolygon","coordinates":[[[[35.758,32.744],[35.784,32.778],[35.834,32.828],[35.842,32.854],[35.838,32.866],[35.85,32.896],[35.867,32.921],[35.874,32.922],[35.888,32.945],[35.865,32.978],[35.859,32.99],[35.846,33.085],[35.849,33.099],[35.811,33.112],[35.811,33.127],[35.822,33.142],[35.833,33.161],[35.83,33.19],[35.808,33.202],[35.804,33.248],[35.776,33.265],[35.769,33.273],[35.802,33.312],[35.764,33.334],[35.786,33.343],[35.794,33.35],[35.81,33.36],[35.812,33.373],[35.815,33.379],[35.817,33.395],[35.822,33.401],[35.821,33.407],[35.845,33.419],[35.87,33.431],[35.888,33.44],[35.919,33.462],[35.935,33.494],[35.922,33.515],[35.933,33.528],[35.957,33.534],[35.98,33.534],[35.999,33.541],[36.02,33.553],[36.035,33.568],[36.038,33.586],[36.03,33.598],[36.013,33.608],[35.995,33.616],[35.98,33.619],[35.957,33.63],[35.935,33.633],[35.922,33.64],[35.925,33.662],[35.929,33.665],[35.942,33.669],[35.947,33.673],[35.95,33.683],[35.947,33.701],[35.948,33.709],[35.956,33.718],[35.974,33.732],[35.98,33.744],[35.994,33.761],[36.027,33.784],[36.041,33.806],[36.05,33.816],[36.066,33.822],[36.085,33.826],[36.102,33.832],[36.138,33.851],[36.145,33.847],[36.158,33.834],[36.166,33.83],[36.187,33.83],[36.203,33.838],[36.217,33.848],[36.232,33.853],[36.249,33.85],[36.301,33.829],[36.338,33.821],[36.358,33.824],[36.37,33.837],[36.368,33.858],[36.35,33.866],[36.311,33.872],[36.282,33.891],[36.275,33.897],[36.269,33.907],[36.267,33.91],[36.289,33.947],[36.302,33.964],[36.318,33.981],[36.358,34.01],[36.391,34.045],[36.412,34.054],[36.424,34.053],[36.445,34.046],[36.459,34.047],[36.475,34.054],[36.481,34.063],[36.483,34.075],[36.488,34.089],[36.508,34.109],[36.553,34.141],[36.576,34.173],[36.604,34.199],[36.604,34.2],[36.598,34.21],[36.574,34.23],[36.568,34.244],[36.563,34.263],[36.57,34.276],[36.58,34.287],[36.582,34.3],[36.577,34.308],[36.57,34.309],[36.563,34.309],[36.556,34.311],[36.545,34.321],[36.524,34.346],[36.519,34.354],[36.516,34.362],[36.517,34.37],[36.52,34.375],[36.524,34.38],[36.526,34.387],[36.53,34.403],[36.531,34.414],[36.525,34.423],[36.509,34.432],[36.502,34.43],[36.495,34.434],[36.48,34.449],[36.463,34.455],[36.45,34.465],[36.44,34.477],[36.433,34.494],[36.433,34.494],[36.42,34.498],[36.392,34.5],[36.363,34.499],[36.344,34.494],[36.341,34.493],[36.338,34.493],[36.335,34.493],[36.333,34.494],[36.33,34.499],[36.32,34.514],[36.337,34.529],[36.364,34.541],[36.384,34.554],[36.388,34.57],[36.387,34.584],[36.389,34.596],[36.404,34.604],[36.418,34.6],[36.429,34.593],[36.436,34.598],[36.44,34.629],[36.416,34.623],[36.391,34.622],[36.368,34.629],[36.347,34.644],[36.324,34.679],[36.309,34.688],[36.288,34.676],[36.285,34.668],[36.284,34.648],[36.281,34.639],[36.272,34.631],[36.262,34.627],[36.201,34.624],[36.195,34.626],[36.183,34.633],[36.178,34.635],[36.172,34.634],[36.16,34.628],[36.156,34.627],[36.112,34.63],[36.087,34.631],[36.061,34.628],[36.038,34.628],[36.016,34.634],[35.999,34.645],[35.991,34.648],[35.983,34.65],[35.97,34.65],[35.966,34.668],[35.947,34.7],[35.941,34.726],[35.931,34.741],[35.929,34.75],[35.929,34.791],[35.926,34.797],[35.908,34.822],[35.905,34.832],[35.899,34.853],[35.867,34.924],[35.873,34.927],[35.874,34.932],[35.88,34.938],[35.881,34.945],[35.88,34.952],[35.874,34.958],[35.874,34.965],[35.879,34.97],[35.879,34.97],[35.877,34.972],[35.874,34.979],[35.882,34.993],[35.887,35.0],[35.895,35.007],[35.901,35.022],[35.897,35.037],[35.891,35.05],[35.888,35.061],[35.888,35.109],[35.894,35.121],[35.941,35.181],[35.962,35.198],[35.953,35.225],[35.915,35.288],[35.929,35.321],[35.924,35.339],[35.917,35.403],[35.919,35.418],[35.909,35.426],[35.861,35.479],[35.84,35.487],[35.83,35.493],[35.826,35.503],[35.818,35.509],[35.802,35.507],[35.787,35.502],[35.781,35.5],[35.771,35.504],[35.772,35.515],[35.777,35.529],[35.778,35.541],[35.772,35.546],[35.737,35.562],[35.739,35.567],[35.741,35.576],[35.743,35.582],[35.737,35.582],[35.723,35.576],[35.723,35.582],[35.743,35.588],[35.763,35.598],[35.778,35.613],[35.784,35.631],[35.782,35.642],[35.773,35.655],[35.771,35.668],[35.777,35.675],[35.8,35.681],[35.839,35.742],[35.84,35.747],[35.84,35.771],[35.836,35.79],[35.825,35.813],[35.812,35.835],[35.799,35.85],[35.847,35.847],[35.871,35.852],[35.881,35.867],[35.885,35.886],[35.911,35.918],[35.921,35.915],[35.941,35.918],[35.961,35.924],[35.98,35.927],[35.993,35.915],[35.993,35.902],[35.99,35.889],[35.992,35.877],[36.004,35.869],[36.019,35.866],[36.051,35.865],[36.08,35.854],[36.138,35.82],[36.155,35.822],[36.158,35.823],[36.169,35.852],[36.175,35.923],[36.197,35.952],[36.229,35.961],[36.253,35.956],[36.269,35.959],[36.277,35.994],[36.278,35.994],[36.297,36.001],[36.337,35.988],[36.358,35.994],[36.356,36.022],[36.359,36.167],[36.36,36.182],[36.366,36.189],[36.374,36.196],[36.376,36.205],[36.361,36.218],[36.373,36.228],[36.386,36.215],[36.398,36.208],[36.412,36.204],[36.439,36.201],[36.445,36.2],[36.451,36.2],[36.459,36.203],[36.464,36.209],[36.465,36.216],[36.469,36.222],[36.48,36.226],[36.499,36.228],[36.574,36.218],[36.593,36.218],[36.664,36.229],[36.67,36.237],[36.669,36.26],[36.665,36.274],[36.658,36.29],[36.649,36.306],[36.649,36.306],[36.637,36.317],[36.621,36.322],[36.588,36.325],[36.578,36.333],[36.582,36.333],[36.588,36.342],[36.594,36.357],[36.594,36.366],[36.593,36.373],[36.591,36.38],[36.586,36.387],[36.581,36.39],[36.565,36.396],[36.558,36.401],[36.553,36.408],[36.534,36.462],[36.531,36.479],[36.535,36.494],[36.565,36.532],[36.57,36.576],[36.569,36.62],[36.583,36.662],[36.595,36.686],[36.598,36.705],[36.599,36.725],[36.603,36.747],[36.616,36.767],[36.632,36.784],[36.643,36.804],[36.64,36.828],[36.649,36.829],[36.659,36.828],[36.66,36.827],[36.844,36.776],[36.907,36.773],[36.926,36.769],[36.946,36.763],[36.965,36.754],[36.98,36.742],[37.011,36.72],[37.018,36.707],[37.019,36.686],[37.011,36.654],[37.015,36.642],[37.033,36.629],[37.053,36.62],[37.062,36.622],[37.07,36.632],[37.086,36.644],[37.104,36.651],[37.121,36.65],[37.137,36.646],[37.156,36.644],[37.22,36.657],[37.242,36.659],[37.404,36.634],[37.446,36.634],[37.593,36.711],[37.654,36.732],[37.82,36.761],[37.98,36.82],[38.008,36.826],[38.026,36.835],[38.123,36.885],[38.19,36.906],[38.224,36.908],[38.29,36.902],[38.48,36.856],[38.529,36.834],[38.635,36.744],[38.664,36.72],[38.725,36.694],[38.795,36.687],[38.958,36.693],[38.98,36.698],[39.032,36.701],[39.186,36.66],[39.24,36.661],[39.442,36.692],[39.765,36.742],[39.98,36.807],[40.079,36.855],[40.115,36.865],[40.153,36.87],[40.19,36.884],[40.261,36.923],[40.394,36.994],[40.414,37.004],[40.435,37.011],[40.457,37.014],[40.48,37.015],[40.526,37.026],[40.659,37.085],[40.709,37.1],[40.896,37.123],[41.135,37.084],[41.18,37.07],[41.201,37.065],[41.48,37.076],[41.896,37.154],[42.009,37.176],[42.053,37.197],[42.128,37.253],[42.179,37.306],[42.193,37.313],[42.211,37.325],[42.223,37.314],[42.224,37.302],[42.222,37.292],[42.223,37.288],[42.237,37.286],[42.267,37.275],[42.273,37.277],[42.279,37.282],[42.286,37.287],[42.292,37.285],[42.296,37.28],[42.301,37.27],[42.306,37.265],[42.34,37.243],[42.347,37.24],[42.353,37.227],[42.335,37.171],[42.347,37.158],[42.355,37.152],[42.357,37.138],[42.357,37.11],[42.364,37.098],[42.371,37.088],[42.377,37.077],[42.377,37.062],[42.377,37.062],[42.346,37.043],[42.282,36.994],[42.282,36.994],[42.282,36.994],[42.178,36.905],[41.979,36.734],[41.844,36.618],[41.817,36.6],[41.79,36.589],[41.48,36.536],[41.415,36.527],[41.385,36.516],[41.365,36.494],[41.365,36.494],[41.365,36.494],[41.365,36.494],[41.277,36.355],[41.269,36.328],[41.237,36.077],[41.237,36.06],[41.241,36.043],[41.266,35.994],[41.266,35.994],[41.266,35.994],[41.344,35.858],[41.355,35.826],[41.359,35.793],[41.364,35.655],[41.358,35.624],[41.342,35.594],[41.308,35.552],[41.261,35.494],[41.261,35.494],[41.261,35.494],[41.261,35.494],[41.252,35.464],[41.243,35.367],[41.201,35.243],[41.192,35.182],[41.192,35.159],[41.198,34.994],[41.207,34.819],[41.204,34.793],[41.196,34.768],[41.024,34.494],[41.024,34.494],[40.988,34.429],[40.965,34.402],[40.936,34.386],[40.69,34.331],[40.544,34.258],[40.433,34.203],[40.323,34.147],[40.212,34.092],[40.173,34.072],[40.101,34.036],[39.991,33.981],[39.88,33.926],[39.77,33.87],[39.659,33.815],[39.549,33.759],[39.438,33.704],[39.327,33.649],[39.217,33.593],[39.106,33.538],[38.996,33.482],[38.885,33.427],[38.775,33.372],[38.53,33.244],[38.316,33.131],[38.231,33.086],[38.057,32.994],[37.929,32.925],[37.758,32.833],[37.587,32.74],[37.495,32.69],[37.415,32.647],[37.244,32.554],[37.133,32.495],[37.133,32.495],[36.98,32.41],[36.819,32.317],[36.807,32.313],[36.793,32.314],[36.729,32.328],[36.707,32.328],[36.69,32.32],[36.654,32.343],[36.517,32.357],[36.48,32.361],[36.464,32.369],[36.408,32.374],[36.388,32.379],[36.373,32.386],[36.285,32.457],[36.221,32.495],[36.188,32.522],[36.177,32.527],[36.172,32.526],[36.161,32.517],[36.156,32.515],[36.15,32.516],[36.14,32.52],[36.133,32.52],[36.096,32.516],[36.082,32.516],[36.07,32.517],[36.066,32.517],[36.066,32.522],[36.06,32.533],[36.015,32.591],[36.006,32.608],[36.005,32.627],[36.008,32.644],[36.004,32.655],[35.98,32.657],[35.966,32.654],[35.955,32.657],[35.947,32.664],[35.937,32.674],[35.941,32.674],[35.944,32.678],[35.946,32.684],[35.944,32.691],[35.94,32.693],[35.927,32.692],[35.922,32.694],[35.905,32.709],[35.896,32.713],[35.788,32.734],[35.779,32.744],[35.779,32.745],[35.775,32.747],[35.77,32.748],[35.764,32.747],[35.758,32.744]]]]}},{"type":"Feature","properties":{"name":"Turkey"},"geometry":{"type":"MultiPolygon","coordinates":[[[[43.44,41.107],[43.436,41.083],[43.445,41.051],[43.46,41.023],[43.48,41.009],[43.522,41.004],[43.565,40.988],[43.605,40.963],[43.636,40.934],[43.648,40.914],[43.652,40.895],[43.654,40.875],[43.66,40.852],[43.67,40.832],[43.711,40.782],[43.721,40.763],[43.724,40.746],[43.729,40.677],[43.726,40.669],[43.706,40.641],[43.7,40.635],[43.707,40.612],[43.665,40.574],[43.651,40.553],[43.653,40.529],[43.646,40.533],[43.642,40.534],[43.638,40.535],[43.631,40.537],[43.635,40.533],[43.636,40.53],[43.639,40.523],[43.615,40.52],[43.594,40.509],[43.559,40.478],[43.564,40.465],[43.585,40.447],[43.625,40.42],[43.625,40.413],[43.624,40.411],[43.61,40.373],[43.601,40.362],[43.594,40.345],[43.604,40.33],[43.631,40.31],[43.676,40.266],[43.69,40.24],[43.691,40.239],[43.673,40.228],[43.684,40.21],[43.715,40.181],[43.721,40.169],[43.712,40.156],[43.666,40.149],[43.653,40.139],[43.665,40.11],[43.711,40.091],[43.803,40.071],[43.912,40.024],[44.032,40.009],[44.048,40.013],[44.083,40.032],[44.104,40.036],[44.114,40.034],[44.127,40.024],[44.135,40.022],[44.146,40.023],[44.166,40.028],[44.195,40.031],[44.255,40.043],[44.289,40.043],[44.326,40.035],[44.381,40.01],[44.464,39.972],[44.522,39.934],[44.548,39.911],[44.559,39.897],[44.564,39.882],[44.567,39.873],[44.576,39.866],[44.591,39.858],[44.594,39.848],[44.594,39.837],[44.598,39.831],[44.612,39.837],[44.648,39.805],[44.666,39.796],[44.671,39.796],[44.682,39.797],[44.687,39.796],[44.692,39.793],[44.698,39.785],[44.759,39.723],[44.775,39.703],[44.784,39.69],[44.796,39.652],[44.807,39.64],[44.726,39.685],[44.706,39.698],[44.647,39.72],[44.633,39.732],[44.606,39.763],[44.59,39.772],[44.566,39.766],[44.459,39.698],[44.455,39.687],[44.46,39.654],[44.458,39.643],[44.458,39.639],[44.452,39.626],[44.419,39.574],[44.414,39.561],[44.412,39.544],[44.414,39.53],[44.417,39.517],[44.417,39.506],[44.407,39.494],[44.407,39.494],[44.402,39.471],[44.405,39.452],[44.405,39.434],[44.388,39.414],[44.369,39.404],[44.317,39.385],[44.295,39.381],[44.27,39.383],[44.2,39.409],[44.177,39.412],[44.122,39.4],[44.099,39.398],[44.077,39.401],[44.061,39.4],[44.046,39.396],[44.026,39.386],[44.015,39.374],[44.021,39.362],[44.047,39.338],[44.047,39.338],[44.052,39.328],[44.058,39.307],[44.069,39.287],[44.069,39.28],[44.067,39.273],[44.067,39.264],[44.071,39.255],[44.083,39.236],[44.083,39.227],[44.077,39.209],[44.078,39.2],[44.104,39.185],[44.148,39.166],[44.187,39.145],[44.195,39.121],[44.175,39.09],[44.17,39.074],[44.179,39.035],[44.17,39.023],[44.153,39.013],[44.139,38.994],[44.139,38.994],[44.145,38.987],[44.148,38.98],[44.152,38.965],[44.158,38.957],[44.167,38.952],[44.175,38.946],[44.175,38.937],[44.175,38.928],[44.178,38.921],[44.183,38.913],[44.192,38.891],[44.206,38.876],[44.222,38.863],[44.275,38.844],[44.28,38.814],[44.253,38.742],[44.249,38.722],[44.251,38.709],[44.255,38.697],[44.26,38.679],[44.256,38.672],[44.247,38.665],[44.244,38.659],[44.257,38.654],[44.275,38.649],[44.283,38.645],[44.29,38.639],[44.297,38.622],[44.297,38.602],[44.292,38.562],[44.301,38.511],[44.3,38.494],[44.288,38.454],[44.287,38.442],[44.291,38.417],[44.29,38.407],[44.287,38.391],[44.29,38.382],[44.299,38.377],[44.313,38.372],[44.363,38.365],[44.396,38.38],[44.409,38.382],[44.425,38.377],[44.439,38.368],[44.451,38.354],[44.459,38.338],[44.459,38.322],[44.437,38.297],[44.401,38.275],[44.372,38.25],[44.377,38.202],[44.373,38.182],[44.367,38.162],[44.361,38.148],[44.353,38.14],[44.335,38.134],[44.327,38.128],[44.326,38.12],[44.334,38.101],[44.328,38.095],[44.309,38.087],[44.296,38.079],[44.287,38.066],[44.278,38.045],[44.27,38.03],[44.245,38.008],[44.236,37.994],[44.236,37.994],[44.228,37.981],[44.221,37.969],[44.22,37.956],[44.225,37.942],[44.225,37.929],[44.217,37.919],[44.206,37.908],[44.205,37.905],[44.202,37.897],[44.22,37.875],[44.254,37.871],[44.319,37.877],[44.331,37.874],[44.367,37.86],[44.378,37.854],[44.384,37.845],[44.388,37.833],[44.393,37.821],[44.404,37.81],[44.412,37.808],[44.419,37.81],[44.425,37.811],[44.433,37.806],[44.434,37.801],[44.43,37.785],[44.429,37.779],[44.436,37.768],[44.45,37.767],[44.467,37.771],[44.479,37.777],[44.506,37.779],[44.534,37.769],[44.559,37.752],[44.596,37.716],[44.598,37.707],[44.588,37.694],[44.554,37.672],[44.545,37.663],[44.541,37.633],[44.561,37.615],[44.584,37.601],[44.587,37.584],[44.578,37.564],[44.572,37.539],[44.57,37.514],[44.575,37.494],[44.575,37.494],[44.579,37.477],[44.566,37.447],[44.572,37.431],[44.586,37.425],[44.623,37.422],[44.638,37.413],[44.652,37.384],[44.662,37.376],[44.698,37.38],[44.707,37.371],[44.713,37.357],[44.721,37.343],[44.779,37.314],[44.802,37.293],[44.798,37.26],[44.787,37.248],[44.773,37.242],[44.761,37.233],[44.754,37.215],[44.757,37.195],[44.766,37.178],[44.772,37.161],[44.766,37.142],[44.754,37.159],[44.734,37.167],[44.629,37.179],[44.61,37.178],[44.578,37.166],[44.539,37.144],[44.503,37.117],[44.479,37.092],[44.454,37.076],[44.428,37.065],[44.343,37.042],[44.335,37.031],[44.332,37.015],[44.316,36.994],[44.316,36.994],[44.316,36.994],[44.316,36.994],[44.307,36.977],[44.297,36.97],[44.285,36.969],[44.243,36.978],[44.234,36.984],[44.228,36.994],[44.187,37.067],[44.18,37.088],[44.181,37.109],[44.189,37.129],[44.206,37.147],[44.219,37.153],[44.23,37.154],[44.24,37.158],[44.248,37.17],[44.25,37.179],[44.249,37.192],[44.244,37.214],[44.235,37.237],[44.223,37.254],[44.207,37.268],[44.184,37.279],[44.088,37.311],[44.069,37.314],[44.036,37.318],[43.99,37.313],[43.954,37.287],[43.924,37.253],[43.894,37.225],[43.84,37.217],[43.822,37.202],[43.809,37.2],[43.802,37.204],[43.781,37.22],[43.771,37.226],[43.747,37.231],[43.721,37.233],[43.618,37.227],[43.594,37.229],[43.569,37.238],[43.551,37.249],[43.542,37.252],[43.53,37.254],[43.517,37.252],[43.492,37.245],[43.48,37.243],[43.463,37.249],[43.417,37.279],[43.376,37.296],[43.363,37.304],[43.336,37.32],[43.324,37.322],[43.306,37.32],[43.297,37.317],[43.288,37.309],[43.279,37.308],[43.27,37.309],[43.263,37.311],[43.132,37.367],[43.115,37.371],[43.084,37.369],[43.044,37.36],[43.005,37.347],[42.98,37.332],[42.937,37.32],[42.897,37.325],[42.814,37.347],[42.805,37.352],[42.801,37.369],[42.792,37.374],[42.78,37.375],[42.772,37.375],[42.722,37.359],[42.716,37.355],[42.709,37.347],[42.707,37.34],[42.706,37.333],[42.702,37.325],[42.577,37.179],[42.565,37.152],[42.561,37.147],[42.545,37.141],[42.459,37.129],[42.402,37.114],[42.357,37.11],[42.357,37.138],[42.355,37.152],[42.347,37.158],[42.335,37.171],[42.353,37.227],[42.347,37.24],[42.34,37.243],[42.306,37.265],[42.301,37.27],[42.296,37.28],[42.292,37.285],[42.286,37.287],[42.279,37.282],[42.273,37.277],[42.267,37.275],[42.237,37.286],[42.223,37.288],[42.222,37.292],[42.224,37.302],[42.223,37.314],[42.211,37.325],[42.193,37.313],[42.179,37.306],[42.128,37.253],[42.053,37.197],[42.009,37.176],[41.896,37.154],[41.48,37.076],[41.201,37.065],[41.18,37.07],[41.135,37.084],[40.896,37.123],[40.709,37.1],[40.659,37.085],[40.526,37.026],[40.48,37.015],[40.457,37.014],[40.435,37.011],[40.414,37.004],[40.394,36.994],[40.261,36.923],[40.19,36.884],[40.153,36.87],[40.115,36.865],[40.079,36.855],[39.98,36.807],[39.765,36.742],[39.442,36.692],[39.24,36.661],[39.186,36.66],[39.032,36.701],[38.98,36.698],[38.958,36.693],[38.795,36.687],[38.725,36.694],[38.664,36.72],[38.635,36.744],[38.529,36.834],[38.48,36.856],[38.29,36.902],[38.224,36.908],[38.19,36.906],[38.123,36.885],[38.026,36.835],[38.008,36.826],[37.98,36.82],[37.82,36.761],[37.654,36.732],[37.593,36.711],[37.446,36.634],[37.404,36.634],[37.242,36.659],[37.22,36.657],[37.156,36.644],[37.137,36.646],[37.121,36.65],[37.104,36.651],[37.086,36.644],[37.07,36.632],[37.062,36.622],[37.053,36.62],[37.033,36.629],[37.015,36.642],[37.011,36.654],[37.019,36.686],[37.018,36.707],[37.011,36.72],[36.98,36.742],[36.965,36.754],[36.946,36.763],[36.926,36.769],[36.907,36.773],[36.844,36.776],[36.66,36.827],[36.659,36.828],[36.649,36.829],[36.64,36.828],[36.643,36.804],[36.632,36.784],[36.616,36.767],[36.603,36.747],[36.599,36.725],[36.598,36.705],[36.595,36.686],[36.583,36.662],[36.569,36.62],[36.57,36.576],[36.565,36.532],[36.535,36.494],[36.531,36.479],[36.534,36.462],[36.553,36.408],[36.558,36.401],[36.565,36.396],[36.581,36.39],[36.586,36.387],[36.591,36.38],[36.593,36.373],[36.594,36.366],[36.594,36.357],[36.588,36.342],[36.582,36.333],[36.578,36.333],[36.588,36.325],[36.621,36.322],[36.637,36.317],[36.649,36.306],[36.649,36.306],[36.658,36.29],[36.665,36.274],[36.669,36.26],[36.67,36.237],[36.664,36.229],[36.593,36.218],[36.574,36.218],[36.499,36.228],[36.48,36.226],[36.469,36.222],[36.465,36.216],[36.464,36.209],[36.459,36.203],[36.451,36.2],[36.445,36.2],[36.439,36.201],[36.412,36.204],[36.398,36.208],[36.386,36.215],[36.373,36.228],[36.361,36.218],[36.376,36.205],[36.374,36.196],[36.366,36.189],[36.36,36.182],[36.359,36.167],[36.356,36.022],[36.358,35.994],[36.337,35.988],[36.297,36.001],[36.278,35.994],[36.277,35.994],[36.269,35.959],[36.253,35.956],[36.229,35.961],[36.197,35.952],[36.175,35.923],[36.169,35.852],[36.158,35.823],[36.155,35.822],[36.138,35.82],[36.08,35.854],[36.051,35.865],[36.019,35.866],[36.004,35.869],[35.992,35.877],[35.99,35.889],[35.993,35.902],[35.993,35.915],[35.98,35.927],[35.961,35.924],[35.941,35.918],[35.921,35.915],[35.911,35.918],[35.911,35.918],[35.923,35.932],[35.966,35.994],[35.977,36.001],[35.975,36.019],[35.948,36.088],[35.878,36.182],[35.865,36.197],[35.852,36.214],[35.841,36.245],[35.827,36.258],[35.811,36.27],[35.799,36.282],[35.787,36.304],[35.789,36.32],[35.816,36.353],[35.824,36.361],[35.834,36.366],[35.845,36.369],[35.857,36.37],[35.862,36.374],[35.874,36.398],[35.882,36.405],[35.899,36.412],[35.908,36.418],[35.913,36.427],[35.919,36.448],[35.931,36.455],[35.936,36.459],[35.942,36.464],[35.982,36.476],[35.99,36.48],[36.037,36.527],[36.045,36.538],[36.055,36.538],[36.163,36.593],[36.179,36.596],[36.189,36.604],[36.201,36.622],[36.211,36.642],[36.216,36.658],[36.216,36.67],[36.212,36.68],[36.207,36.689],[36.202,36.699],[36.202,36.706],[36.202,36.769],[36.199,36.785],[36.189,36.802],[36.13,36.869],[36.095,36.897],[36.059,36.918],[36.02,36.926],[35.985,36.916],[35.951,36.891],[35.894,36.835],[35.88,36.826],[35.864,36.822],[35.854,36.816],[35.821,36.785],[35.805,36.775],[35.767,36.768],[35.684,36.765],[35.648,36.754],[35.636,36.745],[35.625,36.726],[35.614,36.72],[35.617,36.727],[35.618,36.732],[35.615,36.736],[35.607,36.74],[35.597,36.725],[35.582,36.713],[35.573,36.701],[35.579,36.685],[35.594,36.702],[35.617,36.696],[35.62,36.712],[35.625,36.711],[35.629,36.708],[35.632,36.704],[35.634,36.699],[35.639,36.706],[35.64,36.713],[35.639,36.72],[35.634,36.727],[35.648,36.733],[35.654,36.727],[35.657,36.718],[35.665,36.712],[35.676,36.715],[35.686,36.721],[35.696,36.724],[35.709,36.72],[35.65,36.698],[35.623,36.681],[35.607,36.658],[35.609,36.647],[35.622,36.654],[35.667,36.696],[35.68,36.703],[35.696,36.706],[35.658,36.675],[35.652,36.667],[35.644,36.649],[35.637,36.641],[35.633,36.631],[35.633,36.618],[35.631,36.607],[35.624,36.603],[35.614,36.601],[35.599,36.591],[35.589,36.59],[35.557,36.587],[35.545,36.59],[35.513,36.613],[35.504,36.617],[35.49,36.614],[35.481,36.607],[35.479,36.599],[35.489,36.597],[35.497,36.594],[35.531,36.583],[35.489,36.592],[35.445,36.596],[35.437,36.594],[35.413,36.584],[35.408,36.579],[35.404,36.572],[35.395,36.568],[35.374,36.562],[35.348,36.544],[35.346,36.541],[35.336,36.546],[35.32,36.565],[35.309,36.569],[35.295,36.572],[35.042,36.695],[35.014,36.703],[34.982,36.721],[34.962,36.727],[34.946,36.728],[34.933,36.727],[34.93,36.727],[34.914,36.725],[34.9,36.72],[34.903,36.725],[34.908,36.74],[34.894,36.746],[34.853,36.781],[34.771,36.816],[34.765,36.809],[34.736,36.822],[34.693,36.814],[34.627,36.789],[34.597,36.785],[34.585,36.781],[34.555,36.768],[34.549,36.763],[34.539,36.745],[34.534,36.74],[34.503,36.727],[34.415,36.663],[34.307,36.609],[34.276,36.587],[34.19,36.499],[34.182,36.483],[34.178,36.473],[34.168,36.467],[34.147,36.459],[34.112,36.43],[34.077,36.414],[34.075,36.387],[34.08,36.356],[34.078,36.329],[34.058,36.316],[34.027,36.311],[34.0,36.303],[33.989,36.282],[33.995,36.283],[33.998,36.286],[33.996,36.28],[33.977,36.259],[33.969,36.247],[33.965,36.232],[33.964,36.221],[33.959,36.214],[33.941,36.213],[33.941,36.22],[33.951,36.238],[33.946,36.265],[33.931,36.29],[33.91,36.301],[33.895,36.306],[33.883,36.312],[33.871,36.315],[33.855,36.305],[33.838,36.28],[33.828,36.272],[33.811,36.267],[33.819,36.266],[33.822,36.264],[33.825,36.26],[33.814,36.252],[33.799,36.231],[33.787,36.226],[33.777,36.225],[33.743,36.213],[33.736,36.209],[33.705,36.182],[33.7,36.171],[33.694,36.144],[33.688,36.137],[33.685,36.143],[33.66,36.175],[33.657,36.189],[33.647,36.193],[33.634,36.19],[33.62,36.185],[33.597,36.169],[33.574,36.145],[33.552,36.128],[33.531,36.131],[33.544,36.137],[33.544,36.144],[33.521,36.147],[33.478,36.156],[33.458,36.158],[33.437,36.155],[33.401,36.14],[33.386,36.137],[33.348,36.148],[33.327,36.15],[33.308,36.132],[33.286,36.13],[33.242,36.131],[33.212,36.124],[33.201,36.123],[33.189,36.126],[33.167,36.135],[33.157,36.137],[33.134,36.132],[33.121,36.119],[33.112,36.103],[33.099,36.089],[33.088,36.083],[33.084,36.083],[33.08,36.086],[33.071,36.089],[33.058,36.091],[33.027,36.089],[32.96,36.103],[32.941,36.104],[32.877,36.075],[32.865,36.072],[32.857,36.061],[32.804,36.027],[32.761,36.029],[32.671,36.047],[32.632,36.062],[32.572,36.094],[32.568,36.096],[32.531,36.099],[32.513,36.103],[32.437,36.139],[32.427,36.148],[32.42,36.159],[32.402,36.166],[32.382,36.17],[32.365,36.178],[32.319,36.229],[32.31,36.229],[32.306,36.235],[32.287,36.245],[32.283,36.251],[32.279,36.279],[32.276,36.288],[32.253,36.315],[32.192,36.358],[32.18,36.387],[32.178,36.395],[32.174,36.402],[32.163,36.415],[32.152,36.43],[32.148,36.434],[32.135,36.438],[32.132,36.439],[32.115,36.47],[32.102,36.486],[32.087,36.493],[32.026,36.543],[32.019,36.547],[32.01,36.548],[31.999,36.548],[31.988,36.55],[31.98,36.554],[31.974,36.559],[31.968,36.562],[31.928,36.56],[31.908,36.563],[31.899,36.572],[31.888,36.581],[31.862,36.589],[31.835,36.592],[31.817,36.59],[31.807,36.597],[31.769,36.61],[31.749,36.632],[31.737,36.642],[31.724,36.641],[31.703,36.644],[31.628,36.671],[31.611,36.682],[31.596,36.696],[31.408,36.763],[31.379,36.768],[31.376,36.792],[31.341,36.809],[30.94,36.857],[30.776,36.85],[30.748,36.856],[30.727,36.866],[30.687,36.891],[30.629,36.86],[30.602,36.838],[30.588,36.807],[30.574,36.79],[30.57,36.781],[30.57,36.751],[30.565,36.718],[30.566,36.7],[30.577,36.685],[30.577,36.679],[30.569,36.671],[30.563,36.663],[30.558,36.652],[30.556,36.638],[30.558,36.62],[30.564,36.609],[30.571,36.601],[30.577,36.59],[30.584,36.596],[30.581,36.575],[30.567,36.54],[30.57,36.528],[30.536,36.505],[30.521,36.49],[30.509,36.454],[30.487,36.427],[30.488,36.418],[30.475,36.402],[30.476,36.384],[30.487,36.37],[30.502,36.364],[30.494,36.349],[30.52,36.342],[30.506,36.327],[30.479,36.309],[30.467,36.288],[30.474,36.288],[30.478,36.292],[30.479,36.292],[30.481,36.29],[30.488,36.288],[30.478,36.279],[30.464,36.271],[30.452,36.262],[30.441,36.239],[30.427,36.226],[30.399,36.206],[30.4,36.248],[30.396,36.266],[30.384,36.274],[30.361,36.269],[30.255,36.308],[30.234,36.309],[30.159,36.299],[30.149,36.29],[30.146,36.275],[30.145,36.254],[30.138,36.254],[30.137,36.261],[30.131,36.274],[30.125,36.255],[30.125,36.247],[30.111,36.254],[30.111,36.247],[30.111,36.24],[30.073,36.247],[30.066,36.25],[30.058,36.256],[30.048,36.259],[30.035,36.254],[30.056,36.254],[30.056,36.247],[29.988,36.218],[29.973,36.22],[29.961,36.214],[29.95,36.214],[29.938,36.218],[29.926,36.22],[29.917,36.219],[29.912,36.217],[29.898,36.206],[29.881,36.198],[29.844,36.191],[29.83,36.185],[29.833,36.184],[29.836,36.184],[29.838,36.183],[29.837,36.178],[29.827,36.178],[29.803,36.172],[29.803,36.165],[29.823,36.165],[29.81,36.154],[29.795,36.145],[29.78,36.139],[29.762,36.137],[29.762,36.144],[29.767,36.148],[29.77,36.151],[29.772,36.154],[29.775,36.158],[29.762,36.157],[29.759,36.155],[29.755,36.151],[29.743,36.161],[29.731,36.164],[29.719,36.163],[29.707,36.158],[29.704,36.154],[29.703,36.15],[29.7,36.146],[29.689,36.144],[29.689,36.141],[29.672,36.123],[29.668,36.144],[29.634,36.157],[29.624,36.178],[29.637,36.172],[29.643,36.178],[29.642,36.187],[29.635,36.192],[29.584,36.185],[29.584,36.192],[29.593,36.196],[29.602,36.199],[29.613,36.2],[29.624,36.199],[29.602,36.207],[29.521,36.206],[29.494,36.211],[29.432,36.24],[29.42,36.231],[29.415,36.24],[29.412,36.267],[29.406,36.26],[29.402,36.262],[29.398,36.266],[29.392,36.267],[29.382,36.264],[29.378,36.262],[29.375,36.259],[29.37,36.254],[29.365,36.248],[29.361,36.242],[29.357,36.236],[29.35,36.233],[29.341,36.237],[29.335,36.248],[29.329,36.254],[29.322,36.247],[29.261,36.294],[29.257,36.297],[29.248,36.312],[29.235,36.324],[29.175,36.34],[29.158,36.357],[29.145,36.349],[29.141,36.362],[29.142,36.365],[29.145,36.37],[29.145,36.377],[29.117,36.377],[29.124,36.383],[29.113,36.389],[29.106,36.391],[29.096,36.391],[29.101,36.4],[29.109,36.406],[29.119,36.41],[29.13,36.411],[29.13,36.416],[29.129,36.417],[29.128,36.417],[29.124,36.418],[29.13,36.437],[29.124,36.454],[29.111,36.467],[29.096,36.473],[29.096,36.48],[29.11,36.489],[29.116,36.491],[29.124,36.493],[29.124,36.501],[29.12,36.536],[29.115,36.553],[29.104,36.548],[29.096,36.548],[29.084,36.56],[29.036,36.545],[29.014,36.548],[29.033,36.552],[29.037,36.561],[29.031,36.575],[29.021,36.59],[29.026,36.596],[29.035,36.615],[29.042,36.624],[29.056,36.614],[29.068,36.624],[29.081,36.639],[29.096,36.644],[29.096,36.638],[29.091,36.627],[29.099,36.624],[29.111,36.626],[29.117,36.634],[29.115,36.643],[29.109,36.652],[29.102,36.66],[29.096,36.665],[29.034,36.701],[28.956,36.728],[28.946,36.737],[28.939,36.751],[28.923,36.741],[28.904,36.723],[28.891,36.712],[28.891,36.706],[28.898,36.706],[28.898,36.699],[28.879,36.698],[28.871,36.696],[28.864,36.693],[28.86,36.684],[28.863,36.675],[28.862,36.668],[28.85,36.665],[28.855,36.657],[28.858,36.654],[28.864,36.651],[28.857,36.644],[28.867,36.635],[28.87,36.631],[28.877,36.631],[28.882,36.641],[28.888,36.648],[28.89,36.658],[28.884,36.671],[28.902,36.658],[28.895,36.641],[28.878,36.626],[28.864,36.617],[28.87,36.607],[28.859,36.601],[28.842,36.6],[28.829,36.603],[28.819,36.612],[28.819,36.621],[28.827,36.628],[28.843,36.631],[28.843,36.638],[28.825,36.645],[28.815,36.652],[28.805,36.655],[28.788,36.651],[28.783,36.677],[28.746,36.698],[28.702,36.705],[28.672,36.693],[28.665,36.693],[28.66,36.711],[28.649,36.718],[28.636,36.715],[28.623,36.699],[28.616,36.706],[28.604,36.734],[28.613,36.747],[28.617,36.767],[28.614,36.785],[28.604,36.795],[28.603,36.8],[28.605,36.801],[28.607,36.801],[28.61,36.802],[28.608,36.805],[28.606,36.807],[28.606,36.81],[28.61,36.816],[28.604,36.816],[28.599,36.807],[28.597,36.803],[28.597,36.795],[28.591,36.799],[28.591,36.8],[28.589,36.808],[28.576,36.82],[28.546,36.823],[28.524,36.813],[28.528,36.789],[28.518,36.796],[28.508,36.798],[28.498,36.798],[28.487,36.802],[28.5,36.809],[28.5,36.816],[28.478,36.816],[28.464,36.819],[28.456,36.829],[28.453,36.85],[28.459,36.849],[28.464,36.85],[28.466,36.853],[28.465,36.859],[28.463,36.862],[28.46,36.864],[28.459,36.867],[28.457,36.878],[28.452,36.884],[28.447,36.883],[28.445,36.874],[28.436,36.865],[28.416,36.86],[28.387,36.857],[28.377,36.854],[28.377,36.848],[28.384,36.841],[28.391,36.836],[28.397,36.835],[28.405,36.838],[28.415,36.837],[28.425,36.829],[28.414,36.815],[28.407,36.8],[28.396,36.789],[28.377,36.789],[28.325,36.81],[28.315,36.816],[28.309,36.816],[28.313,36.8],[28.315,36.795],[28.289,36.794],[28.278,36.796],[28.274,36.805],[28.278,36.814],[28.289,36.818],[28.315,36.822],[28.315,36.829],[28.303,36.836],[28.289,36.846],[28.273,36.852],[28.257,36.846],[28.243,36.83],[28.237,36.813],[28.24,36.799],[28.253,36.789],[28.249,36.767],[28.289,36.743],[28.295,36.72],[28.283,36.727],[28.267,36.731],[28.253,36.728],[28.247,36.712],[28.24,36.715],[28.234,36.72],[28.233,36.715],[28.232,36.712],[28.23,36.709],[28.225,36.706],[28.23,36.705],[28.232,36.705],[28.234,36.699],[28.182,36.685],[28.162,36.673],[28.144,36.651],[28.131,36.629],[28.112,36.604],[28.088,36.589],[28.062,36.596],[28.058,36.59],[28.055,36.587],[28.051,36.585],[28.042,36.583],[28.044,36.579],[28.046,36.572],[28.048,36.569],[28.036,36.565],[28.026,36.564],[28.018,36.567],[28.014,36.576],[28.004,36.562],[27.991,36.56],[27.978,36.566],[27.966,36.576],[27.968,36.579],[27.971,36.586],[27.973,36.59],[27.968,36.593],[27.965,36.596],[27.959,36.603],[28.034,36.603],[28.054,36.61],[28.065,36.62],[28.075,36.631],[28.09,36.644],[28.076,36.658],[28.057,36.643],[28.048,36.638],[28.048,36.644],[28.058,36.653],[28.061,36.665],[28.058,36.677],[28.048,36.685],[28.038,36.691],[28.035,36.688],[28.034,36.675],[28.03,36.67],[28.019,36.671],[28.007,36.675],[28.0,36.679],[27.991,36.676],[27.98,36.676],[27.97,36.68],[27.966,36.689],[27.971,36.693],[28.007,36.699],[28.0,36.706],[28.021,36.705],[28.028,36.706],[28.032,36.709],[28.038,36.714],[28.042,36.718],[28.042,36.72],[28.08,36.722],[28.09,36.727],[28.086,36.711],[28.101,36.71],[28.116,36.719],[28.117,36.734],[28.107,36.739],[28.088,36.741],[28.082,36.747],[28.084,36.754],[28.092,36.759],[28.103,36.768],[28.11,36.775],[28.113,36.768],[28.118,36.764],[28.131,36.754],[28.125,36.771],[28.124,36.792],[28.118,36.801],[28.107,36.803],[28.095,36.801],[28.086,36.797],[28.069,36.775],[28.047,36.763],[28.039,36.764],[28.034,36.775],[28.02,36.763],[27.981,36.754],[27.966,36.747],[27.959,36.747],[27.954,36.76],[27.945,36.756],[27.932,36.747],[27.918,36.74],[27.912,36.754],[27.905,36.753],[27.898,36.745],[27.89,36.74],[27.883,36.744],[27.877,36.751],[27.87,36.753],[27.863,36.74],[27.856,36.74],[27.844,36.749],[27.826,36.757],[27.806,36.761],[27.788,36.754],[27.788,36.761],[27.776,36.756],[27.764,36.756],[27.752,36.759],[27.736,36.761],[27.719,36.756],[27.698,36.734],[27.684,36.727],[27.684,36.72],[27.687,36.711],[27.673,36.68],[27.671,36.658],[27.638,36.671],[27.62,36.676],[27.603,36.679],[27.585,36.677],[27.57,36.674],[27.56,36.675],[27.555,36.685],[27.486,36.665],[27.482,36.658],[27.478,36.653],[27.473,36.651],[27.468,36.653],[27.456,36.663],[27.448,36.665],[27.426,36.669],[27.416,36.669],[27.404,36.665],[27.402,36.677],[27.394,36.684],[27.383,36.685],[27.37,36.679],[27.371,36.683],[27.369,36.684],[27.366,36.684],[27.363,36.685],[27.369,36.691],[27.369,36.697],[27.364,36.703],[27.356,36.706],[27.356,36.712],[27.368,36.708],[27.385,36.705],[27.402,36.705],[27.414,36.709],[27.423,36.72],[27.427,36.736],[27.438,36.747],[27.45,36.754],[27.459,36.756],[27.483,36.754],[27.557,36.763],[27.592,36.761],[27.612,36.765],[27.617,36.776],[27.618,36.79],[27.623,36.802],[27.645,36.806],[27.691,36.784],[27.705,36.789],[27.721,36.782],[27.735,36.782],[27.748,36.784],[27.76,36.781],[27.786,36.801],[27.799,36.807],[27.886,36.809],[27.897,36.812],[27.904,36.806],[27.92,36.8],[27.94,36.796],[27.959,36.795],[27.994,36.798],[28.011,36.794],[28.028,36.781],[28.031,36.792],[28.037,36.797],[28.055,36.809],[28.049,36.821],[28.04,36.827],[28.026,36.829],[28.007,36.829],[28.014,36.836],[28.023,36.833],[28.025,36.839],[28.019,36.849],[28.007,36.857],[28.012,36.858],[28.014,36.859],[28.017,36.861],[28.021,36.863],[28.029,36.86],[28.036,36.863],[28.045,36.867],[28.055,36.871],[28.055,36.877],[28.035,36.893],[28.028,36.903],[28.021,36.912],[28.034,36.904],[28.042,36.912],[28.036,36.915],[28.033,36.918],[28.031,36.921],[28.028,36.926],[28.036,36.925],[28.053,36.926],[28.062,36.926],[28.062,36.932],[28.042,36.932],[28.042,36.939],[28.065,36.939],[28.075,36.937],[28.082,36.932],[28.089,36.937],[28.094,36.938],[28.098,36.936],[28.103,36.932],[28.11,36.932],[28.12,36.938],[28.142,36.929],[28.152,36.932],[28.157,36.932],[28.159,36.925],[28.165,36.912],[28.168,36.917],[28.168,36.919],[28.167,36.921],[28.165,36.926],[28.168,36.93],[28.168,36.933],[28.164,36.936],[28.157,36.939],[28.157,36.946],[28.167,36.947],[28.174,36.946],[28.181,36.943],[28.185,36.939],[28.205,36.966],[28.212,36.973],[28.212,36.981],[28.199,36.981],[28.207,36.99],[28.212,37.0],[28.229,36.991],[28.245,36.988],[28.253,36.994],[28.247,37.008],[28.3,37.025],[28.33,37.03],[28.329,37.037],[28.323,37.044],[28.315,37.049],[28.305,37.051],[28.174,37.035],[28.126,37.036],[28.107,37.032],[28.11,37.021],[28.11,37.014],[28.093,37.021],[27.987,37.035],[27.976,37.032],[27.963,37.024],[27.952,37.021],[27.941,37.022],[27.911,37.028],[27.886,37.026],[27.805,37.005],[27.794,37.008],[27.788,37.008],[27.786,37.004],[27.78,36.994],[27.773,36.996],[27.763,36.997],[27.751,36.997],[27.74,36.994],[27.72,37.005],[27.688,37.005],[27.656,36.997],[27.636,36.981],[27.618,36.989],[27.59,36.998],[27.567,36.997],[27.562,36.973],[27.539,36.987],[27.528,36.991],[27.514,36.994],[27.484,36.991],[27.473,36.994],[27.463,37.001],[27.445,37.023],[27.438,37.028],[27.424,37.027],[27.408,37.017],[27.402,37.024],[27.404,37.028],[27.397,37.028],[27.395,37.018],[27.383,36.994],[27.379,36.999],[27.379,37.001],[27.381,37.002],[27.383,37.008],[27.382,37.009],[27.38,37.009],[27.378,37.01],[27.376,37.014],[27.381,37.018],[27.382,37.019],[27.38,37.021],[27.376,37.028],[27.367,37.023],[27.341,37.018],[27.329,37.014],[27.329,37.008],[27.333,36.997],[27.327,36.986],[27.315,36.977],[27.301,36.973],[27.305,36.963],[27.308,36.959],[27.299,36.961],[27.294,36.962],[27.287,36.959],[27.281,36.967],[27.263,36.963],[27.253,36.978],[27.247,37.0],[27.246,37.018],[27.241,37.034],[27.232,37.047],[27.229,37.062],[27.239,37.083],[27.248,37.083],[27.264,37.089],[27.282,37.098],[27.294,37.11],[27.287,37.115],[27.279,37.118],[27.27,37.116],[27.26,37.11],[27.257,37.114],[27.255,37.117],[27.253,37.124],[27.26,37.118],[27.272,37.129],[27.303,37.12],[27.322,37.124],[27.321,37.131],[27.323,37.139],[27.325,37.148],[27.322,37.159],[27.333,37.156],[27.34,37.151],[27.343,37.142],[27.342,37.13],[27.349,37.13],[27.354,37.141],[27.362,37.149],[27.369,37.151],[27.376,37.144],[27.379,37.147],[27.381,37.148],[27.381,37.149],[27.383,37.152],[27.383,37.135],[27.387,37.13],[27.394,37.131],[27.404,37.13],[27.412,37.126],[27.418,37.121],[27.425,37.12],[27.438,37.124],[27.436,37.121],[27.435,37.12],[27.433,37.12],[27.431,37.118],[27.446,37.097],[27.46,37.09],[27.475,37.093],[27.501,37.107],[27.522,37.115],[27.531,37.121],[27.542,37.126],[27.565,37.126],[27.576,37.13],[27.576,37.138],[27.562,37.136],[27.559,37.134],[27.555,37.13],[27.547,37.162],[27.54,37.178],[27.528,37.185],[27.528,37.193],[27.575,37.201],[27.588,37.199],[27.576,37.179],[27.587,37.181],[27.595,37.186],[27.61,37.2],[27.594,37.204],[27.589,37.211],[27.589,37.231],[27.592,37.235],[27.604,37.242],[27.61,37.247],[27.613,37.255],[27.614,37.268],[27.616,37.275],[27.604,37.281],[27.603,37.282],[27.594,37.284],[27.592,37.281],[27.592,37.277],[27.589,37.275],[27.565,37.276],[27.553,37.273],[27.548,37.265],[27.543,37.25],[27.531,37.236],[27.515,37.229],[27.5,37.234],[27.518,37.246],[27.52,37.259],[27.509,37.268],[27.486,37.268],[27.483,37.264],[27.474,37.256],[27.464,37.252],[27.459,37.258],[27.461,37.268],[27.468,37.277],[27.486,37.295],[27.485,37.303],[27.49,37.314],[27.491,37.327],[27.48,37.344],[27.473,37.344],[27.469,37.316],[27.446,37.306],[27.418,37.309],[27.397,37.323],[27.389,37.345],[27.397,37.366],[27.415,37.382],[27.438,37.391],[27.427,37.406],[27.407,37.413],[27.403,37.413],[27.387,37.412],[27.37,37.405],[27.361,37.392],[27.356,37.379],[27.346,37.371],[27.322,37.371],[27.322,37.364],[27.336,37.356],[27.33,37.352],[27.271,37.349],[27.258,37.345],[27.246,37.336],[27.239,37.344],[27.232,37.348],[27.225,37.348],[27.219,37.344],[27.217,37.351],[27.216,37.354],[27.212,37.357],[27.204,37.353],[27.201,37.352],[27.199,37.354],[27.191,37.357],[27.201,37.367],[27.208,37.376],[27.209,37.387],[27.205,37.398],[27.22,37.404],[27.226,37.405],[27.226,37.412],[27.217,37.431],[27.223,37.477],[27.205,37.473],[27.199,37.479],[27.193,37.479],[27.185,37.474],[27.178,37.467],[27.182,37.483],[27.188,37.498],[27.19,37.513],[27.185,37.528],[27.188,37.534],[27.184,37.539],[27.18,37.545],[27.185,37.556],[27.2,37.548],[27.209,37.563],[27.212,37.586],[27.209,37.597],[27.194,37.601],[27.136,37.631],[27.049,37.65],[27.011,37.666],[27.021,37.686],[27.038,37.69],[27.105,37.686],[27.127,37.689],[27.213,37.713],[27.226,37.721],[27.25,37.744],[27.257,37.76],[27.261,37.782],[27.262,37.804],[27.26,37.816],[27.253,37.825],[27.243,37.834],[27.237,37.845],[27.239,37.864],[27.243,37.868],[27.256,37.877],[27.26,37.884],[27.263,37.894],[27.265,37.902],[27.265,37.91],[27.26,37.919],[27.275,37.929],[27.266,37.951],[27.239,37.988],[27.214,37.981],[27.178,37.981],[27.141,37.986],[27.116,37.994],[27.111,38.0],[27.108,38.007],[27.102,38.013],[27.092,38.015],[27.084,38.016],[27.076,38.017],[27.07,38.02],[27.068,38.025],[27.065,38.041],[27.056,38.046],[27.027,38.049],[26.975,38.065],[26.949,38.067],[26.918,38.062],[26.9,38.057],[26.893,38.056],[26.889,38.053],[26.886,38.046],[26.882,38.038],[26.873,38.035],[26.865,38.04],[26.842,38.076],[26.847,38.089],[26.846,38.103],[26.842,38.118],[26.835,38.131],[26.825,38.145],[26.803,38.162],[26.794,38.172],[26.776,38.165],[26.771,38.177],[26.774,38.207],[26.76,38.217],[26.745,38.216],[26.727,38.21],[26.708,38.207],[26.646,38.207],[26.636,38.204],[26.623,38.139],[26.618,38.142],[26.618,38.142],[26.615,38.145],[26.609,38.145],[26.612,38.131],[26.612,38.118],[26.607,38.108],[26.595,38.104],[26.589,38.108],[26.577,38.133],[26.568,38.145],[26.567,38.124],[26.557,38.122],[26.543,38.131],[26.524,38.147],[26.517,38.156],[26.515,38.166],[26.519,38.18],[26.492,38.174],[26.467,38.191],[26.442,38.212],[26.417,38.221],[26.422,38.205],[26.424,38.2],[26.417,38.2],[26.412,38.206],[26.39,38.224],[26.392,38.234],[26.395,38.243],[26.395,38.252],[26.39,38.262],[26.383,38.262],[26.375,38.235],[26.354,38.228],[26.329,38.235],[26.296,38.257],[26.287,38.261],[26.235,38.274],[26.233,38.28],[26.239,38.296],[26.265,38.287],[26.276,38.3],[26.286,38.319],[26.308,38.323],[26.308,38.331],[26.289,38.341],[26.286,38.359],[26.294,38.37],[26.308,38.358],[26.309,38.367],[26.312,38.371],[26.316,38.373],[26.321,38.378],[26.325,38.366],[26.326,38.355],[26.323,38.346],[26.314,38.337],[26.319,38.334],[26.324,38.332],[26.331,38.331],[26.339,38.331],[26.346,38.329],[26.348,38.325],[26.35,38.32],[26.356,38.317],[26.371,38.316],[26.385,38.318],[26.392,38.325],[26.383,38.337],[26.383,38.344],[26.399,38.336],[26.405,38.335],[26.417,38.337],[26.429,38.341],[26.455,38.355],[26.462,38.358],[26.476,38.367],[26.477,38.387],[26.468,38.408],[26.452,38.419],[26.452,38.426],[26.477,38.417],[26.489,38.406],[26.498,38.407],[26.513,38.433],[26.499,38.44],[26.474,38.457],[26.454,38.463],[26.441,38.473],[26.431,38.474],[26.422,38.47],[26.414,38.456],[26.407,38.453],[26.388,38.454],[26.388,38.458],[26.397,38.469],[26.404,38.488],[26.4,38.5],[26.37,38.535],[26.376,38.529],[26.373,38.541],[26.361,38.571],[26.359,38.577],[26.36,38.584],[26.349,38.621],[26.349,38.635],[26.351,38.65],[26.356,38.662],[26.366,38.666],[26.381,38.668],[26.403,38.677],[26.414,38.679],[26.441,38.678],[26.466,38.673],[26.488,38.664],[26.506,38.653],[26.54,38.624],[26.556,38.605],[26.561,38.59],[26.584,38.561],[26.609,38.535],[26.618,38.529],[26.625,38.525],[26.63,38.519],[26.636,38.508],[26.638,38.497],[26.637,38.487],[26.638,38.478],[26.643,38.468],[26.637,38.463],[26.633,38.462],[26.629,38.461],[26.621,38.467],[26.611,38.468],[26.599,38.466],[26.588,38.461],[26.605,38.454],[26.605,38.445],[26.596,38.433],[26.588,38.419],[26.612,38.416],[26.622,38.405],[26.628,38.39],[26.64,38.375],[26.657,38.329],[26.673,38.307],[26.695,38.313],[26.7,38.326],[26.694,38.334],[26.678,38.344],[26.671,38.385],[26.676,38.402],[26.687,38.42],[26.702,38.43],[26.719,38.426],[26.719,38.433],[26.725,38.433],[26.737,38.423],[26.748,38.405],[26.767,38.364],[26.771,38.366],[26.783,38.369],[26.787,38.372],[26.795,38.359],[26.81,38.36],[26.828,38.367],[26.845,38.372],[26.925,38.378],[26.974,38.396],[26.99,38.399],[26.994,38.401],[27.007,38.41],[27.013,38.413],[27.024,38.412],[27.033,38.409],[27.042,38.408],[27.054,38.413],[27.056,38.409],[27.061,38.413],[27.089,38.402],[27.112,38.414],[27.135,38.434],[27.164,38.447],[27.164,38.453],[27.154,38.459],[27.15,38.459],[27.143,38.453],[27.136,38.461],[27.117,38.454],[27.083,38.457],[27.075,38.453],[27.049,38.463],[27.022,38.462],[26.96,38.442],[26.939,38.434],[26.935,38.435],[26.945,38.447],[26.928,38.456],[26.898,38.495],[26.884,38.501],[26.859,38.507],[26.849,38.512],[26.827,38.526],[26.815,38.543],[26.829,38.531],[26.847,38.521],[26.874,38.507],[26.89,38.508],[26.89,38.515],[26.878,38.526],[26.865,38.536],[26.851,38.543],[26.835,38.549],[26.839,38.561],[26.845,38.585],[26.849,38.597],[26.834,38.608],[26.825,38.605],[26.814,38.598],[26.794,38.597],[26.798,38.608],[26.801,38.612],[26.779,38.618],[26.767,38.619],[26.753,38.618],[26.755,38.623],[26.758,38.634],[26.759,38.638],[26.746,38.639],[26.737,38.642],[26.719,38.653],[26.726,38.659],[26.734,38.664],[26.742,38.666],[26.753,38.666],[26.733,38.69],[26.726,38.703],[26.719,38.721],[26.738,38.731],[26.789,38.739],[26.818,38.755],[26.824,38.754],[26.827,38.75],[26.829,38.748],[26.831,38.747],[26.842,38.746],[26.852,38.746],[26.875,38.738],[26.889,38.734],[26.903,38.735],[26.897,38.748],[26.907,38.754],[26.915,38.76],[26.923,38.762],[26.931,38.755],[26.934,38.763],[26.935,38.77],[26.934,38.779],[26.931,38.789],[26.925,38.782],[26.904,38.81],[26.897,38.817],[26.938,38.83],[26.944,38.809],[26.961,38.806],[26.971,38.819],[26.959,38.844],[26.975,38.849],[26.991,38.855],[27.004,38.863],[27.013,38.871],[27.034,38.861],[27.055,38.871],[27.063,38.887],[27.041,38.892],[27.058,38.919],[27.058,38.93],[27.041,38.94],[27.024,38.928],[27.013,38.922],[27.001,38.92],[26.983,38.92],[26.978,38.923],[26.968,38.937],[26.962,38.94],[26.95,38.937],[26.942,38.932],[26.934,38.931],[26.925,38.94],[26.913,38.932],[26.879,38.916],[26.866,38.913],[26.856,38.918],[26.84,38.936],[26.825,38.94],[26.806,38.95],[26.797,38.973],[26.799,38.998],[26.815,39.015],[26.815,39.022],[26.81,39.022],[26.794,39.022],[26.806,39.034],[26.829,39.047],[26.854,39.058],[26.873,39.063],[26.883,39.072],[26.875,39.091],[26.852,39.121],[26.824,39.149],[26.81,39.157],[26.779,39.17],[26.771,39.173],[26.752,39.185],[26.738,39.197],[26.739,39.208],[26.731,39.228],[26.727,39.248],[26.719,39.263],[26.701,39.269],[26.653,39.267],[26.629,39.268],[26.609,39.275],[26.619,39.283],[26.625,39.303],[26.633,39.313],[26.646,39.318],[26.655,39.313],[26.654,39.306],[26.636,39.303],[26.636,39.297],[26.647,39.297],[26.656,39.294],[26.664,39.289],[26.671,39.283],[26.665,39.298],[26.67,39.306],[26.681,39.311],[26.691,39.316],[26.709,39.337],[26.815,39.399],[26.805,39.405],[26.801,39.406],[26.801,39.412],[26.803,39.419],[26.803,39.425],[26.801,39.434],[26.837,39.436],[26.851,39.44],[26.863,39.447],[26.852,39.462],[26.868,39.472],[26.926,39.486],[26.93,39.488],[26.93,39.491],[26.931,39.502],[26.945,39.54],[26.944,39.561],[26.938,39.575],[26.922,39.582],[26.893,39.584],[26.87,39.577],[26.852,39.563],[26.833,39.557],[26.808,39.571],[26.667,39.551],[26.457,39.521],[26.434,39.514],[26.424,39.505],[26.414,39.505],[26.37,39.486],[26.362,39.481],[26.35,39.481],[26.297,39.489],[26.287,39.488],[26.274,39.482],[26.263,39.481],[26.254,39.473],[26.252,39.471],[26.249,39.466],[26.243,39.468],[26.232,39.475],[26.153,39.459],[26.113,39.459],[26.074,39.475],[26.07,39.496],[26.095,39.549],[26.111,39.598],[26.148,39.626],[26.157,39.649],[26.164,39.704],[26.159,39.715],[26.141,39.743],[26.136,39.756],[26.138,39.765],[26.142,39.768],[26.147,39.77],[26.15,39.776],[26.15,39.8],[26.155,39.826],[26.152,39.835],[26.136,39.838],[26.142,39.849],[26.157,39.899],[26.156,39.905],[26.151,39.925],[26.15,39.934],[26.153,39.943],[26.162,39.956],[26.164,39.965],[26.168,39.974],[26.189,40.002],[26.198,40.009],[26.251,39.995],[26.267,40.003],[26.3,40.014],[26.311,40.019],[26.353,40.052],[26.362,40.063],[26.365,40.072],[26.366,40.085],[26.37,40.091],[26.37,40.095],[26.369,40.099],[26.369,40.103],[26.373,40.104],[26.384,40.104],[26.389,40.105],[26.393,40.108],[26.4,40.121],[26.403,40.139],[26.403,40.158],[26.396,40.173],[26.403,40.187],[26.408,40.194],[26.415,40.195],[26.428,40.194],[26.441,40.197],[26.468,40.206],[26.501,40.213],[26.519,40.225],[26.564,40.27],[26.573,40.275],[26.581,40.277],[26.595,40.283],[26.608,40.29],[26.715,40.391],[26.736,40.404],[26.777,40.406],[26.863,40.4],[26.897,40.406],[26.908,40.404],[26.934,40.392],[26.991,40.389],[27.013,40.392],[27.041,40.41],[27.066,40.434],[27.096,40.452],[27.143,40.454],[27.177,40.449],[27.215,40.448],[27.238,40.452],[27.271,40.468],[27.287,40.468],[27.303,40.458],[27.314,40.444],[27.329,40.414],[27.315,40.406],[27.308,40.406],[27.304,40.41],[27.303,40.411],[27.302,40.409],[27.294,40.406],[27.338,40.37],[27.393,40.342],[27.452,40.322],[27.523,40.309],[27.551,40.309],[27.562,40.31],[27.597,40.328],[27.613,40.331],[27.641,40.326],[27.665,40.317],[27.688,40.314],[27.712,40.324],[27.733,40.317],[27.763,40.315],[27.79,40.32],[27.813,40.347],[27.867,40.369],[27.884,40.386],[27.865,40.387],[27.815,40.4],[27.801,40.393],[27.792,40.393],[27.788,40.403],[27.786,40.413],[27.78,40.416],[27.773,40.416],[27.767,40.42],[27.761,40.428],[27.756,40.433],[27.754,40.438],[27.753,40.451],[27.75,40.458],[27.743,40.459],[27.734,40.459],[27.726,40.461],[27.693,40.486],[27.684,40.496],[27.684,40.502],[27.696,40.506],[27.706,40.512],[27.722,40.526],[27.733,40.531],[27.742,40.526],[27.75,40.525],[27.76,40.537],[27.779,40.518],[27.78,40.515],[27.789,40.514],[27.792,40.517],[27.795,40.521],[27.805,40.523],[27.97,40.503],[28.014,40.491],[28.034,40.474],[28.017,40.451],[27.93,40.417],[27.904,40.4],[27.908,40.374],[27.945,40.366],[28.028,40.372],[28.112,40.396],[28.348,40.404],[28.4,40.397],[28.487,40.4],[28.476,40.398],[28.468,40.394],[28.462,40.388],[28.459,40.379],[28.5,40.391],[28.545,40.391],[28.593,40.382],[28.638,40.365],[28.644,40.371],[28.647,40.37],[28.651,40.366],[28.658,40.365],[28.667,40.368],[28.677,40.376],[28.685,40.379],[28.742,40.386],[28.757,40.396],[28.772,40.403],[28.791,40.4],[28.825,40.392],[28.856,40.391],[28.884,40.386],[28.898,40.381],[28.921,40.37],[28.939,40.365],[28.957,40.363],[29.034,40.364],[29.052,40.367],[29.066,40.376],[29.074,40.389],[29.083,40.416],[29.09,40.427],[29.103,40.423],[29.119,40.424],[29.136,40.428],[29.152,40.434],[29.134,40.451],[29.112,40.466],[29.088,40.477],[29.066,40.482],[29.011,40.482],[29.002,40.479],[28.98,40.465],[28.969,40.461],[28.917,40.471],[28.828,40.513],[28.774,40.523],[28.793,40.553],[28.827,40.571],[28.898,40.592],[28.928,40.606],[28.97,40.639],[28.986,40.645],[29.282,40.666],[29.323,40.677],[29.364,40.694],[29.385,40.706],[29.392,40.708],[29.399,40.703],[29.407,40.693],[29.417,40.687],[29.429,40.691],[29.438,40.695],[29.45,40.699],[29.461,40.704],[29.466,40.711],[29.47,40.719],[29.479,40.724],[29.491,40.727],[29.501,40.729],[29.511,40.727],[29.528,40.722],[29.542,40.71],[29.549,40.691],[29.56,40.691],[29.753,40.725],[29.867,40.729],[29.904,40.716],[29.924,40.716],[29.939,40.735],[29.929,40.758],[29.89,40.763],[29.809,40.756],[29.803,40.754],[29.795,40.751],[29.787,40.749],[29.775,40.749],[29.764,40.753],[29.744,40.767],[29.738,40.77],[29.722,40.772],[29.687,40.782],[29.666,40.784],[29.429,40.776],[29.41,40.771],[29.394,40.762],[29.378,40.757],[29.357,40.762],[29.348,40.771],[29.344,40.78],[29.34,40.788],[29.329,40.79],[29.333,40.792],[29.336,40.795],[29.339,40.796],[29.343,40.798],[29.34,40.808],[29.333,40.815],[29.325,40.82],[29.315,40.824],[29.311,40.818],[29.302,40.824],[29.293,40.819],[29.282,40.815],[29.255,40.811],[29.255,40.817],[29.264,40.818],[29.271,40.822],[29.274,40.829],[29.275,40.839],[29.284,40.834],[29.288,40.831],[29.288,40.836],[29.288,40.838],[29.291,40.839],[29.295,40.839],[29.284,40.852],[29.264,40.87],[29.254,40.875],[29.241,40.883],[29.22,40.88],[29.201,40.894],[29.145,40.914],[29.124,40.927],[29.104,40.947],[29.083,40.96],[29.028,40.982],[29.032,40.984],[29.033,40.985],[29.033,40.986],[29.035,40.99],[29.023,40.993],[29.018,41.004],[29.015,41.018],[29.008,41.031],[29.026,41.038],[29.046,41.055],[29.062,41.076],[29.076,41.114],[29.088,41.129],[29.091,41.141],[29.069,41.153],[29.093,41.18],[29.13,41.212],[29.17,41.233],[29.2,41.229],[29.206,41.229],[29.216,41.239],[29.232,41.241],[29.42,41.214],[29.619,41.179],[29.885,41.149],[30.137,41.144],[30.165,41.147],[30.18,41.152],[30.203,41.164],[30.217,41.167],[30.226,41.173],[30.234,41.184],[30.24,41.192],[30.248,41.188],[30.259,41.196],[30.271,41.211],[30.282,41.216],[30.296,41.207],[30.337,41.201],[30.37,41.181],[30.699,41.122],[30.732,41.099],[30.748,41.092],[30.833,41.08],[31.091,41.085],[31.115,41.096],[31.125,41.098],[31.137,41.098],[31.158,41.093],[31.169,41.092],[31.21,41.098],[31.216,41.097],[31.226,41.093],[31.231,41.092],[31.239,41.094],[31.241,41.098],[31.243,41.102],[31.249,41.106],[31.29,41.118],[31.324,41.134],[31.379,41.175],[31.393,41.188],[31.401,41.202],[31.405,41.218],[31.406,41.239],[31.408,41.248],[31.417,41.268],[31.42,41.28],[31.415,41.286],[31.396,41.295],[31.393,41.304],[31.404,41.316],[31.425,41.323],[31.471,41.325],[31.477,41.329],[31.493,41.348],[31.498,41.352],[31.509,41.354],[31.659,41.398],[31.872,41.505],[31.993,41.55],[32.03,41.571],[32.039,41.576],[32.134,41.599],[32.162,41.612],[32.178,41.637],[32.243,41.693],[32.248,41.698],[32.263,41.72],[32.297,41.727],[32.352,41.729],[32.354,41.736],[32.362,41.738],[32.372,41.742],[32.374,41.749],[32.377,41.754],[32.383,41.756],[32.387,41.754],[32.396,41.744],[32.4,41.742],[32.417,41.749],[32.439,41.768],[32.454,41.777],[32.523,41.805],[32.535,41.811],[32.548,41.816],[32.563,41.817],[32.578,41.811],[32.589,41.827],[32.613,41.84],[32.64,41.844],[32.663,41.835],[32.679,41.836],[32.74,41.853],[32.755,41.859],[32.77,41.858],[32.799,41.86],[32.827,41.865],[32.845,41.873],[32.856,41.868],[32.926,41.882],[32.962,41.894],[33.008,41.917],[33.166,41.957],[33.324,42.019],[33.361,42.021],[33.434,42.011],[33.541,42.011],[33.563,42.008],[33.613,41.994],[33.827,41.978],[33.845,41.983],[33.874,41.974],[34.004,41.983],[34.331,41.948],[34.445,41.973],[34.483,41.975],[34.499,41.972],[34.527,41.961],[34.562,41.952],[34.694,41.946],[34.746,41.95],[34.799,41.962],[34.815,41.969],[34.853,41.992],[34.889,42.008],[34.919,42.036],[34.942,42.069],[34.948,42.099],[34.962,42.095],[34.991,42.091],[35.003,42.085],[35.006,42.091],[35.01,42.093],[35.016,42.092],[35.024,42.093],[35.031,42.081],[35.042,42.072],[35.049,42.065],[35.044,42.058],[35.044,42.052],[35.082,42.029],[35.105,42.022],[35.134,42.024],[35.144,42.029],[35.16,42.041],[35.171,42.044],[35.186,42.042],[35.196,42.038],[35.216,42.024],[35.216,42.017],[35.163,42.022],[35.138,42.02],[35.117,42.007],[35.107,41.992],[35.099,41.97],[35.093,41.947],[35.092,41.928],[35.099,41.913],[35.126,41.875],[35.156,41.846],[35.209,41.811],[35.209,41.805],[35.196,41.805],[35.202,41.791],[35.212,41.775],[35.225,41.762],[35.254,41.751],[35.283,41.724],[35.298,41.715],[35.358,41.697],[35.401,41.692],[35.417,41.683],[35.449,41.661],[35.486,41.645],[35.53,41.634],[35.577,41.63],[35.62,41.633],[35.641,41.639],[35.679,41.657],[35.741,41.665],[35.846,41.699],[35.87,41.701],[35.894,41.707],[35.935,41.732],[35.957,41.736],[35.957,41.729],[35.952,41.723],[35.947,41.717],[35.939,41.712],[35.929,41.709],[35.931,41.694],[35.912,41.663],[35.915,41.646],[35.923,41.646],[35.925,41.67],[35.934,41.692],[35.948,41.71],[35.962,41.722],[35.973,41.729],[35.978,41.73],[36.038,41.688],[36.038,41.701],[36.045,41.701],[36.12,41.628],[36.134,41.599],[36.134,41.558],[36.131,41.548],[36.122,41.532],[36.121,41.527],[36.12,41.494],[36.124,41.479],[36.134,41.462],[36.179,41.42],[36.205,41.406],[36.237,41.359],[36.253,41.349],[36.303,41.329],[36.332,41.323],[36.337,41.319],[36.34,41.311],[36.341,41.301],[36.344,41.289],[36.352,41.284],[36.363,41.281],[36.375,41.277],[36.38,41.272],[36.39,41.26],[36.395,41.256],[36.405,41.254],[36.424,41.252],[36.432,41.246],[36.451,41.24],[36.476,41.245],[36.518,41.263],[36.571,41.298],[36.579,41.307],[36.583,41.317],[36.597,41.335],[36.6,41.341],[36.602,41.344],[36.609,41.365],[36.607,41.366],[36.62,41.375],[36.634,41.374],[36.65,41.369],[36.672,41.366],[36.758,41.366],[36.837,41.351],[36.985,41.295],[37.015,41.275],[37.032,41.243],[37.034,41.199],[37.04,41.182],[37.056,41.175],[37.077,41.171],[37.116,41.153],[37.136,41.147],[37.263,41.148],[37.299,41.14],[37.322,41.124],[37.334,41.119],[37.355,41.114],[37.378,41.112],[37.395,41.108],[37.419,41.088],[37.437,41.078],[37.478,41.068],[37.481,41.062],[37.505,41.043],[37.525,41.037],[37.565,41.04],[37.581,41.037],[37.586,41.042],[37.6,41.046],[37.608,41.05],[37.615,41.059],[37.628,41.085],[37.64,41.102],[37.655,41.118],[37.672,41.131],[37.69,41.14],[37.698,41.124],[37.715,41.115],[37.734,41.115],[37.751,41.126],[37.758,41.119],[37.784,41.123],[37.785,41.06],[37.803,41.043],[37.854,41.024],[37.868,41.016],[37.878,41.006],[37.896,40.982],[37.935,40.995],[37.982,40.99],[38.102,40.96],[38.161,40.952],[38.201,40.941],[38.224,40.941],[38.268,40.95],[38.287,40.947],[38.331,40.918],[38.351,40.918],[38.389,40.927],[38.427,40.919],[38.452,40.917],[38.464,40.924],[38.539,40.927],[38.555,40.935],[38.592,40.963],[38.605,40.968],[38.637,40.976],[38.649,40.975],[38.655,40.971],[38.671,40.955],[38.678,40.949],[38.688,40.953],[38.707,40.953],[38.718,40.955],[38.725,40.959],[38.733,40.966],[38.743,40.972],[38.755,40.975],[38.775,40.993],[38.779,40.999],[38.784,41.002],[38.806,41.008],[38.876,41.019],[38.892,41.027],[38.908,41.038],[38.928,41.043],[39.042,41.043],[39.122,41.057],[39.131,41.061],[39.157,41.078],[39.168,41.08],[39.201,41.078],[39.22,41.073],[39.251,41.053],[39.273,41.05],[39.29,41.055],[39.317,41.068],[39.337,41.071],[39.349,41.074],[39.403,41.098],[39.409,41.102],[39.412,41.107],[39.418,41.11],[39.43,41.112],[39.493,41.101],[39.507,41.09],[39.533,41.065],[39.592,41.025],[39.63,41.008],[39.67,41.003],[39.69,41.007],[39.71,41.015],[39.73,41.017],[39.757,41.002],[39.768,41.001],[39.79,41.003],[39.799,41.0],[39.859,40.964],[39.876,40.958],[39.896,40.955],[39.912,40.964],[39.975,40.98],[39.999,40.982],[40.057,40.941],[40.086,40.926],[40.126,40.921],[40.143,40.923],[40.173,40.932],[40.196,40.936],[40.231,40.947],[40.255,40.959],[40.301,40.968],[40.465,41.05],[40.5,41.039],[40.529,41.036],[40.557,41.042],[40.588,41.057],[40.626,41.082],[40.64,41.085],[40.671,41.088],[40.686,41.092],[40.698,41.098],[40.758,41.158],[40.827,41.198],[40.839,41.201],[40.854,41.199],[40.897,41.188],[40.922,41.191],[40.96,41.211],[40.976,41.216],[40.997,41.218],[41.02,41.224],[41.043,41.232],[41.061,41.243],[41.101,41.274],[41.121,41.286],[41.147,41.29],[41.173,41.291],[41.191,41.296],[41.285,41.354],[41.31,41.361],[41.332,41.37],[41.343,41.373],[41.377,41.376],[41.39,41.379],[41.409,41.39],[41.424,41.408],[41.434,41.429],[41.438,41.451],[41.449,41.456],[41.507,41.495],[41.521,41.514],[41.627,41.481],[41.64,41.479],[41.67,41.48],[41.695,41.489],[41.703,41.489],[41.704,41.485],[41.703,41.478],[41.703,41.469],[41.707,41.463],[41.719,41.46],[41.748,41.457],[41.761,41.454],[41.801,41.426],[41.813,41.422],[41.823,41.426],[41.863,41.452],[41.894,41.486],[41.908,41.493],[41.948,41.506],[42.02,41.485],[42.055,41.493],[42.069,41.499],[42.083,41.5],[42.098,41.498],[42.112,41.493],[42.143,41.5],[42.158,41.5],[42.173,41.493],[42.189,41.482],[42.213,41.48],[42.262,41.482],[42.438,41.431],[42.451,41.431],[42.463,41.432],[42.484,41.442],[42.514,41.476],[42.536,41.493],[42.546,41.51],[42.555,41.55],[42.565,41.567],[42.585,41.579],[42.587,41.579],[42.591,41.58],[42.611,41.585],[42.661,41.588],[42.801,41.579],[42.82,41.572],[42.812,41.563],[42.809,41.553],[42.807,41.543],[42.803,41.534],[42.795,41.527],[42.775,41.514],[42.767,41.504],[42.792,41.493],[42.811,41.477],[42.83,41.473],[42.855,41.494],[42.868,41.5],[42.875,41.494],[42.881,41.481],[42.889,41.47],[42.897,41.467],[42.926,41.459],[42.932,41.455],[42.936,41.45],[42.941,41.446],[42.95,41.444],[42.958,41.437],[42.988,41.395],[43.002,41.383],[43.076,41.345],[43.124,41.313],[43.155,41.302],[43.184,41.299],[43.185,41.294],[43.172,41.279],[43.157,41.27],[43.103,41.249],[43.13,41.242],[43.152,41.244],[43.172,41.242],[43.192,41.225],[43.216,41.181],[43.231,41.173],[43.323,41.192],[43.352,41.194],[43.383,41.187],[43.411,41.175],[43.438,41.156],[43.452,41.133],[43.44,41.107]]],[[[28.017,41.973],[28.031,41.925],[28.031,41.914],[28.036,41.911],[28.042,41.905],[28.047,41.897],[28.045,41.89],[28.036,41.886],[28.026,41.887],[28.007,41.893],[27.991,41.893],[27.978,41.887],[27.969,41.874],[27.966,41.849],[27.972,41.822],[27.987,41.804],[28.005,41.789],[28.021,41.77],[28.04,41.725],[28.052,41.712],[28.07,41.699],[28.078,41.692],[28.083,41.682],[28.086,41.68],[28.088,41.677],[28.09,41.671],[28.087,41.667],[28.082,41.667],[28.077,41.667],[28.076,41.661],[28.083,41.645],[28.097,41.627],[28.113,41.612],[28.142,41.599],[28.157,41.584],[28.178,41.558],[28.233,41.519],[28.384,41.447],[28.601,41.378],[28.908,41.267],[29.008,41.25],[29.013,41.248],[29.015,41.246],[29.018,41.244],[29.024,41.243],[29.032,41.245],[29.038,41.254],[29.045,41.256],[29.069,41.254],[29.094,41.246],[29.109,41.235],[29.1,41.21],[29.087,41.192],[29.069,41.175],[29.052,41.167],[29.041,41.164],[29.043,41.158],[29.051,41.15],[29.057,41.142],[29.064,41.134],[29.066,41.133],[29.071,41.13],[29.069,41.124],[29.064,41.12],[29.062,41.119],[29.059,41.1],[29.052,41.082],[29.042,41.066],[29.032,41.054],[29.023,41.049],[29.006,41.045],[28.997,41.04],[28.99,41.031],[28.988,41.026],[28.989,41.022],[28.99,41.017],[28.993,41.014],[28.992,41.008],[28.987,41.003],[28.982,41.002],[28.96,41.003],[28.952,41.009],[28.946,41.009],[28.94,41.007],[28.932,40.998],[28.928,40.996],[28.917,40.994],[28.899,40.984],[28.86,40.978],[28.85,40.975],[28.844,40.972],[28.84,40.968],[28.834,40.964],[28.822,40.962],[28.798,40.963],[28.786,40.966],[28.781,40.972],[28.77,40.979],[28.745,40.98],[28.625,40.968],[28.595,40.978],[28.604,41.009],[28.592,41.019],[28.585,41.022],[28.576,41.024],[28.583,41.046],[28.572,41.066],[28.552,41.081],[28.528,41.085],[28.533,41.071],[28.555,41.054],[28.563,41.037],[28.563,41.027],[28.56,41.012],[28.554,40.998],[28.541,40.99],[28.512,40.993],[28.461,41.033],[28.435,41.043],[28.402,41.047],[28.333,41.067],[28.298,41.071],[28.264,41.071],[28.256,41.073],[28.245,41.083],[28.237,41.085],[28.199,41.079],[28.182,41.078],[28.175,41.081],[28.165,41.085],[28.117,41.071],[28.11,41.068],[28.1,41.068],[28.045,41.05],[28.03,41.048],[28.013,41.041],[27.997,41.032],[27.987,41.024],[27.964,40.996],[27.958,40.983],[27.959,40.975],[27.941,40.971],[27.861,40.978],[27.846,40.986],[27.832,40.995],[27.815,41.003],[27.776,41.011],[27.738,41.013],[27.524,40.989],[27.493,40.975],[27.472,40.942],[27.447,40.862],[27.425,40.831],[27.331,40.761],[27.288,40.704],[27.198,40.653],[27.193,40.648],[27.182,40.636],[27.178,40.633],[27.167,40.63],[27.143,40.627],[27.115,40.614],[27.069,40.614],[27.048,40.612],[27.031,40.602],[27.001,40.57],[26.99,40.564],[26.964,40.561],[26.95,40.56],[26.912,40.551],[26.854,40.523],[26.839,40.512],[26.821,40.503],[26.759,40.496],[26.741,40.487],[26.708,40.466],[26.695,40.461],[26.683,40.455],[26.674,40.426],[26.664,40.414],[26.632,40.4],[26.625,40.392],[26.623,40.376],[26.617,40.36],[26.602,40.346],[26.547,40.308],[26.54,40.304],[26.51,40.298],[26.497,40.29],[26.476,40.273],[26.476,40.27],[26.471,40.266],[26.445,40.242],[26.427,40.23],[26.404,40.219],[26.38,40.211],[26.359,40.208],[26.346,40.2],[26.349,40.181],[26.361,40.163],[26.376,40.154],[26.328,40.119],[26.313,40.11],[26.273,40.093],[26.243,40.071],[26.231,40.065],[26.178,40.051],[26.167,40.05],[26.157,40.055],[26.16,40.067],[26.168,40.079],[26.174,40.085],[26.19,40.094],[26.201,40.115],[26.209,40.136],[26.215,40.146],[26.26,40.194],[26.272,40.23],[26.267,40.258],[26.248,40.279],[26.218,40.297],[26.229,40.303],[26.232,40.31],[26.227,40.315],[26.215,40.317],[26.21,40.322],[26.219,40.331],[26.232,40.34],[26.239,40.342],[26.25,40.35],[26.301,40.365],[26.321,40.365],[26.336,40.385],[26.386,40.41],[26.433,40.44],[26.492,40.457],[26.536,40.486],[26.564,40.499],[26.596,40.51],[26.623,40.515],[26.67,40.511],[26.684,40.515],[26.697,40.526],[26.718,40.551],[26.733,40.564],[26.756,40.555],[26.788,40.563],[26.817,40.581],[26.829,40.602],[26.798,40.652],[26.79,40.661],[26.781,40.659],[26.714,40.651],[26.691,40.643],[26.678,40.639],[26.609,40.639],[26.582,40.633],[26.506,40.599],[26.477,40.613],[26.461,40.618],[26.445,40.619],[26.431,40.615],[26.415,40.608],[26.4,40.604],[26.373,40.614],[26.356,40.613],[26.303,40.601],[26.117,40.602],[26.091,40.605],[26.077,40.612],[26.069,40.627],[26.062,40.645],[26.054,40.661],[26.061,40.676],[26.058,40.698],[26.048,40.72],[26.033,40.735],[26.041,40.737],[26.044,40.738],[26.082,40.736],[26.112,40.747],[26.135,40.767],[26.143,40.794],[26.158,40.812],[26.212,40.847],[26.205,40.858],[26.206,40.865],[26.209,40.868],[26.219,40.872],[26.215,40.873],[26.213,40.873],[26.211,40.875],[26.212,40.879],[26.221,40.881],[26.225,40.884],[26.226,40.889],[26.226,40.899],[26.231,40.89],[26.232,40.886],[26.239,40.886],[26.246,40.891],[26.252,40.901],[26.26,40.92],[26.266,40.92],[26.27,40.915],[26.275,40.91],[26.282,40.907],[26.291,40.906],[26.304,40.909],[26.303,40.915],[26.297,40.922],[26.294,40.927],[26.306,40.936],[26.335,40.946],[26.349,40.955],[26.359,40.965],[26.356,40.968],[26.346,40.972],[26.336,40.982],[26.333,40.991],[26.336,40.997],[26.345,41.001],[26.36,41.002],[26.368,41.008],[26.375,41.019],[26.374,41.031],[26.348,41.041],[26.339,41.052],[26.325,41.074],[26.322,41.089],[26.339,41.114],[26.332,41.119],[26.317,41.122],[26.317,41.13],[26.336,41.153],[26.324,41.17],[26.321,41.188],[26.326,41.207],[26.336,41.229],[26.321,41.246],[26.332,41.254],[26.395,41.259],[26.412,41.266],[26.438,41.284],[26.466,41.297],[26.472,41.302],[26.474,41.306],[26.479,41.31],[26.489,41.311],[26.54,41.352],[26.551,41.342],[26.57,41.334],[26.591,41.329],[26.61,41.331],[26.623,41.34],[26.632,41.358],[26.637,41.378],[26.636,41.4],[26.632,41.42],[26.616,41.469],[26.611,41.506],[26.606,41.523],[26.595,41.537],[26.602,41.547],[26.598,41.573],[26.602,41.585],[26.599,41.591],[26.596,41.598],[26.595,41.605],[26.595,41.612],[26.576,41.591],[26.567,41.599],[26.521,41.616],[26.464,41.649],[26.473,41.661],[26.476,41.676],[26.46,41.679],[26.443,41.684],[26.404,41.692],[26.377,41.711],[26.36,41.715],[26.333,41.713],[26.323,41.724],[26.316,41.744],[26.32,41.765],[26.334,41.79],[26.376,41.817],[26.478,41.813],[26.526,41.824],[26.54,41.838],[26.548,41.856],[26.552,41.874],[26.553,41.882],[26.554,41.888],[26.555,41.893],[26.559,41.902],[26.56,41.907],[26.557,41.911],[26.545,41.916],[26.543,41.92],[26.547,41.927],[26.553,41.932],[26.561,41.936],[26.589,41.959],[26.606,41.967],[26.624,41.969],[26.718,41.957],[26.737,41.959],[26.747,41.964],[26.769,41.981],[26.781,41.983],[26.79,41.98],[26.808,41.968],[26.819,41.966],[26.828,41.969],[26.838,41.975],[26.85,41.983],[26.861,41.988],[26.872,41.988],[26.881,41.986],[26.89,41.985],[26.901,41.993],[26.911,41.997],[26.93,41.995],[26.939,41.996],[26.95,42.006],[26.958,42.018],[26.967,42.028],[26.981,42.033],[27.0,42.043],[27.023,42.074],[27.047,42.083],[27.048,42.083],[27.066,42.083],[27.084,42.078],[27.101,42.071],[27.116,42.062],[27.127,42.063],[27.15,42.062],[27.174,42.057],[27.178,42.058],[27.179,42.062],[27.182,42.066],[27.204,42.088],[27.216,42.096],[27.238,42.098],[27.273,42.092],[27.305,42.078],[27.332,42.057],[27.375,42.009],[27.397,41.989],[27.421,41.974],[27.494,41.943],[27.509,41.933],[27.533,41.908],[27.546,41.901],[27.563,41.906],[27.549,41.911],[27.551,41.913],[27.557,41.916],[27.561,41.918],[27.558,41.919],[27.555,41.92],[27.552,41.922],[27.551,41.924],[27.572,41.93],[27.582,41.935],[27.591,41.943],[27.598,41.939],[27.603,41.939],[27.607,41.944],[27.609,41.953],[27.687,41.969],[27.724,41.968],[27.776,41.946],[27.79,41.943],[27.803,41.943],[27.815,41.947],[27.818,41.953],[27.803,41.96],[27.805,41.97],[27.805,41.983],[27.808,41.993],[27.812,41.995],[27.816,41.995],[27.82,41.995],[27.824,41.993],[27.843,41.996],[27.852,41.995],[27.877,41.991],[27.903,41.981],[27.917,41.978],[27.966,41.982],[27.981,41.979],[28.017,41.973]]],[[[26.061,39.838],[26.077,39.845],[26.083,39.835],[26.082,39.8],[26.075,39.785],[26.059,39.786],[26.027,39.803],[25.997,39.814],[25.984,39.822],[25.978,39.834],[25.986,39.842],[26.004,39.845],[26.04,39.845],[26.046,39.844],[26.051,39.844],[26.056,39.843],[26.061,39.838]]],[[[26.012,40.167],[26.012,40.146],[25.99,40.137],[25.968,40.131],[25.9,40.123],[25.856,40.108],[25.766,40.097],[25.745,40.098],[25.721,40.105],[25.709,40.11],[25.704,40.115],[25.663,40.126],[25.663,40.132],[25.686,40.161],[25.719,40.187],[25.759,40.207],[25.827,40.217],[25.913,40.241],[25.926,40.243],[25.938,40.242],[25.945,40.237],[25.95,40.23],[25.958,40.223],[25.972,40.221],[25.972,40.214],[25.969,40.206],[25.967,40.193],[25.968,40.181],[25.972,40.173],[25.963,40.157],[25.973,40.153],[25.991,40.157],[26.006,40.167],[26.012,40.167]]],[[[27.658,40.653],[27.673,40.656],[27.702,40.653],[27.728,40.643],[27.733,40.625],[27.714,40.615],[27.676,40.61],[27.658,40.605],[27.625,40.583],[27.605,40.577],[27.583,40.584],[27.572,40.585],[27.552,40.591],[27.536,40.602],[27.539,40.623],[27.532,40.631],[27.526,40.639],[27.531,40.65],[27.539,40.657],[27.546,40.66],[27.552,40.658],[27.555,40.647],[27.579,40.656],[27.605,40.663],[27.631,40.663],[27.658,40.653]]],[[[27.645,40.46],[27.653,40.46],[27.657,40.458],[27.657,40.449],[27.646,40.448],[27.632,40.454],[27.615,40.457],[27.596,40.458],[27.582,40.466],[27.58,40.477],[27.591,40.484],[27.599,40.497],[27.607,40.505],[27.64,40.494],[27.642,40.487],[27.637,40.478],[27.635,40.467],[27.645,40.46]]]]}},{"type":"Feature","properties":{"name":"Libya"},"geometry":{"type":"MultiPolygon","coordinates":[[[[11.505,33.181],[11.526,33.177],[11.56,33.166],[11.575,33.158],[11.588,33.132],[11.603,33.121],[11.636,33.109],[11.757,33.093],[11.793,33.081],[11.773,33.099],[11.708,33.117],[11.691,33.136],[11.739,33.113],[11.847,33.083],[12.081,32.958],[12.122,32.921],[12.161,32.912],[12.225,32.876],[12.304,32.843],[12.348,32.833],[12.73,32.799],[12.824,32.804],[13.074,32.866],[13.115,32.882],[13.148,32.904],[13.165,32.913],[13.188,32.916],[13.257,32.919],[13.352,32.904],[13.363,32.9],[13.374,32.892],[13.571,32.803],[13.617,32.793],[13.787,32.8],[13.83,32.794],[13.915,32.773],[13.991,32.745],[14.176,32.718],[14.185,32.715],[14.203,32.7],[14.209,32.697],[14.226,32.691],[14.262,32.66],[14.317,32.63],[14.404,32.567],[14.449,32.525],[14.469,32.519],[14.632,32.496],[14.648,32.488],[14.663,32.477],[14.707,32.456],[14.727,32.451],[14.911,32.444],[15.115,32.413],[15.16,32.399],[15.182,32.395],[15.196,32.39],[15.233,32.347],[15.27,32.329],[15.283,32.317],[15.292,32.281],[15.301,32.261],[15.323,32.224],[15.365,32.175],[15.37,32.159],[15.369,32.138],[15.36,32.102],[15.357,32.062],[15.355,32.039],[15.361,31.965],[15.37,31.929],[15.49,31.665],[15.514,31.628],[15.623,31.497],[15.688,31.438],[15.761,31.388],[16.045,31.276],[16.359,31.227],[16.728,31.224],[16.942,31.183],[17.16,31.119],[17.331,31.086],[17.366,31.087],[17.375,31.083],[17.382,31.079],[17.419,31.062],[17.447,31.039],[17.458,31.033],[17.467,31.03],[17.614,30.992],[17.692,30.96],[17.776,30.935],[17.849,30.924],[17.862,30.914],[17.889,30.878],[17.907,30.864],[17.927,30.855],[18.017,30.838],[18.175,30.786],[18.208,30.769],[18.236,30.747],[18.324,30.657],[18.568,30.5],[18.623,30.446],[18.653,30.422],[18.719,30.392],[18.761,30.384],[18.781,30.376],[18.926,30.293],[18.968,30.278],[19.057,30.266],[19.146,30.265],[19.24,30.274],[19.292,30.287],[19.339,30.299],[19.419,30.333],[19.531,30.397],[19.551,30.405],[19.596,30.412],[19.616,30.421],[19.749,30.511],[19.914,30.683],[19.958,30.75],[19.982,30.779],[20.019,30.804],[20.036,30.819],[20.1,30.935],[20.147,31.046],[20.152,31.088],[20.147,31.217],[20.128,31.243],[20.103,31.309],[20.082,31.337],[20.038,31.376],[20.022,31.397],[19.955,31.559],[19.949,31.601],[19.948,31.645],[19.944,31.661],[19.927,31.699],[19.921,31.718],[19.917,31.759],[19.92,31.805],[19.934,31.888],[19.948,31.926],[19.946,31.936],[19.942,31.947],[19.94,31.958],[19.945,31.968],[19.957,31.983],[20.048,32.146],[20.072,32.176],[20.262,32.34],[20.277,32.361],[20.325,32.41],[20.346,32.42],[20.386,32.435],[20.403,32.447],[20.417,32.459],[20.563,32.558],[20.797,32.643],[20.934,32.723],[21.051,32.772],[21.097,32.781],[21.287,32.771],[21.332,32.775],[21.415,32.793],[21.455,32.813],[21.609,32.931],[21.623,32.937],[21.672,32.94],[21.716,32.95],[21.744,32.931],[21.787,32.916],[21.836,32.907],[21.877,32.903],[22.096,32.923],[22.101,32.926],[22.112,32.941],[22.117,32.944],[22.139,32.948],[22.15,32.948],[22.161,32.944],[22.169,32.938],[22.171,32.933],[22.171,32.926],[22.175,32.916],[22.207,32.888],[22.247,32.881],[22.34,32.882],[22.379,32.87],[22.477,32.807],[22.497,32.797],[22.514,32.791],[22.532,32.788],[22.579,32.785],[22.813,32.725],[22.867,32.694],[22.885,32.69],[22.896,32.688],[22.929,32.677],[22.943,32.675],[22.977,32.677],[23.0,32.671],[23.041,32.653],[23.086,32.646],[23.106,32.64],[23.119,32.629],[23.121,32.615],[23.115,32.605],[23.098,32.587],[23.094,32.577],[23.104,32.516],[23.113,32.501],[23.129,32.488],[23.149,32.478],[23.141,32.459],[23.128,32.395],[23.109,32.402],[23.112,32.412],[23.11,32.42],[23.103,32.428],[23.094,32.436],[23.079,32.354],[23.081,32.334],[23.096,32.324],[23.157,32.304],[23.179,32.3],[23.195,32.292],[23.215,32.272],[23.231,32.251],[23.244,32.221],[23.257,32.214],[23.273,32.21],[23.285,32.204],[23.293,32.192],[23.303,32.171],[23.312,32.163],[23.31,32.179],[23.299,32.224],[23.318,32.218],[23.362,32.217],[23.371,32.214],[23.399,32.194],[23.405,32.191],[23.531,32.181],[23.67,32.183],[23.84,32.149],[23.999,32.094],[23.975,32.074],[23.971,32.067],[23.979,32.062],[24.005,32.053],[24.068,32.011],[24.091,32.006],[24.281,32.008],[24.546,31.991],[24.636,32.015],[24.659,32.029],[24.67,32.032],[24.711,32.026],[24.719,32.028],[24.726,32.031],[24.734,32.033],[24.742,32.029],[24.746,32.026],[24.758,32.02],[24.772,32.017],[24.792,32.008],[24.824,32.003],[24.865,31.989],[24.982,31.968],[25.018,31.949],[25.033,31.916],[25.024,31.877],[25.022,31.855],[25.03,31.837],[25.064,31.804],[25.117,31.738],[25.122,31.721],[25.137,31.693],[25.156,31.663],[25.153,31.66],[25.151,31.656],[25.088,31.614],[25.06,31.579],[25.024,31.494],[24.861,31.38],[24.849,31.349],[24.849,31.312],[24.859,31.228],[24.859,31.146],[24.883,31.039],[24.89,31.019],[24.925,30.957],[24.938,30.906],[24.981,30.825],[24.995,30.785],[24.989,30.751],[24.974,30.716],[24.961,30.676],[24.951,30.621],[24.92,30.552],[24.917,30.532],[24.908,30.499],[24.888,30.464],[24.83,30.388],[24.799,30.361],[24.772,30.331],[24.763,30.317],[24.746,30.283],[24.705,30.218],[24.689,30.183],[24.688,30.144],[24.697,30.123],[24.726,30.078],[24.812,29.891],[24.816,29.868],[24.815,29.849],[24.798,29.796],[24.805,29.755],[24.856,29.679],[24.871,29.638],[24.871,29.614],[24.862,29.542],[24.864,29.503],[24.874,29.468],[24.957,29.293],[24.974,29.239],[24.981,29.181],[24.981,29.058],[24.981,28.89],[24.981,28.492],[24.981,28.097],[24.981,28.019],[24.981,27.667],[24.981,27.628],[24.981,27.475],[24.981,27.138],[24.981,27.049],[24.981,26.86],[24.981,26.665],[24.981,26.373],[24.981,26.081],[24.981,25.789],[24.981,25.497],[24.981,25.205],[24.981,24.914],[24.981,24.622],[24.981,24.33],[24.981,24.038],[24.981,23.746],[24.981,23.454],[24.981,23.163],[24.981,22.871],[24.981,22.579],[24.981,22.287],[24.981,21.995],[24.981,21.871],[24.981,21.746],[24.981,21.622],[24.981,21.497],[24.981,21.372],[24.981,21.248],[24.981,21.123],[24.981,20.999],[24.981,20.874],[24.981,20.75],[24.981,20.625],[24.981,20.5],[24.981,20.405],[24.981,20.31],[24.981,20.215],[24.981,20.12],[24.981,20.008],[24.981,20.002],[24.98,20.001],[24.979,19.999],[24.978,19.997],[24.977,19.996],[24.975,19.996],[24.972,19.995],[24.97,19.995],[24.968,19.995],[24.867,19.995],[24.721,19.995],[24.599,19.995],[24.475,19.995],[24.341,19.995],[24.228,19.995],[24.142,19.995],[23.981,19.995],[23.981,19.871],[23.981,19.746],[23.981,19.621],[23.981,19.496],[23.858,19.557],[23.734,19.618],[23.611,19.679],[23.487,19.74],[23.364,19.801],[23.24,19.862],[23.117,19.923],[22.993,19.984],[22.87,20.045],[22.746,20.106],[22.623,20.167],[22.499,20.228],[22.376,20.289],[22.252,20.35],[22.129,20.411],[22.005,20.472],[21.881,20.533],[21.758,20.594],[21.634,20.655],[21.511,20.716],[21.387,20.777],[21.264,20.838],[21.14,20.899],[21.017,20.96],[20.893,21.021],[20.77,21.082],[20.646,21.143],[20.523,21.204],[20.399,21.265],[20.276,21.326],[20.152,21.387],[20.029,21.448],[19.905,21.509],[19.782,21.57],[19.658,21.631],[19.535,21.692],[19.411,21.753],[19.288,21.814],[19.186,21.864],[19.164,21.875],[19.041,21.936],[18.917,21.997],[18.794,22.058],[18.67,22.119],[18.547,22.18],[18.423,22.241],[18.3,22.302],[18.176,22.363],[18.052,22.424],[17.929,22.485],[17.805,22.546],[17.682,22.607],[17.558,22.668],[17.435,22.729],[17.311,22.79],[17.188,22.851],[17.064,22.912],[16.941,22.973],[16.817,23.034],[16.694,23.095],[16.57,23.156],[16.447,23.217],[16.323,23.278],[16.2,23.339],[16.076,23.4],[15.985,23.445],[15.965,23.442],[15.92,23.422],[15.863,23.396],[15.805,23.37],[15.747,23.344],[15.69,23.318],[15.632,23.291],[15.574,23.265],[15.516,23.239],[15.459,23.213],[15.401,23.187],[15.343,23.161],[15.286,23.134],[15.228,23.108],[15.17,23.082],[15.113,23.056],[15.055,23.03],[14.997,23.004],[14.98,22.996],[14.979,22.995],[14.979,22.995],[14.808,22.909],[14.637,22.823],[14.466,22.736],[14.295,22.65],[14.232,22.618],[14.216,22.616],[14.202,22.623],[14.156,22.661],[14.031,22.764],[13.906,22.867],[13.781,22.97],[13.656,23.073],[13.6,23.119],[13.482,23.18],[13.381,23.202],[13.292,23.222],[13.204,23.242],[13.116,23.261],[13.028,23.281],[12.939,23.301],[12.851,23.32],[12.763,23.34],[12.675,23.36],[12.586,23.38],[12.498,23.399],[12.41,23.419],[12.322,23.439],[12.234,23.458],[12.145,23.478],[12.057,23.498],[11.969,23.517],[11.892,23.66],[11.822,23.791],[11.71,24.0],[11.709,24.003],[11.636,24.138],[11.567,24.267],[11.541,24.298],[11.509,24.314],[11.467,24.326],[11.15,24.422],[10.911,24.495],[10.721,24.552],[10.699,24.556],[10.677,24.554],[10.567,24.516],[10.45,24.477],[10.411,24.473],[10.392,24.48],[10.26,24.577],[10.242,24.595],[10.23,24.63],[10.212,24.723],[10.193,24.75],[10.045,24.83],[10.032,24.856],[10.03,24.995],[10.026,25.136],[10.021,25.268],[10.008,25.331],[9.97,25.395],[9.817,25.588],[9.694,25.743],[9.541,25.936],[9.401,26.113],[9.378,26.169],[9.403,26.216],[9.416,26.232],[9.435,26.272],[9.469,26.301],[9.478,26.316],[9.481,26.333],[9.483,26.353],[9.836,26.504],[9.855,26.524],[9.896,26.653],[9.894,26.674],[9.883,26.702],[9.885,26.737],[9.911,26.843],[9.907,26.857],[9.891,26.87],[9.846,26.892],[9.835,26.901],[9.826,26.921],[9.806,27.025],[9.721,27.292],[9.722,27.308],[9.727,27.325],[9.743,27.364],[9.756,27.423],[9.771,27.444],[9.814,27.486],[9.822,27.506],[9.812,27.527],[9.797,27.549],[9.794,27.57],[9.819,27.586],[9.847,27.599],[9.863,27.619],[9.931,27.819],[9.934,27.827],[9.936,27.867],[9.79,28.209],[9.777,28.268],[9.827,28.619],[9.851,28.786],[9.848,28.976],[9.826,29.129],[9.747,29.368],[9.668,29.608],[9.55,29.802],[9.422,29.969],[9.369,30.023],[9.31,30.084],[9.287,30.117],[9.52,30.229],[9.743,30.331],[9.773,30.338],[9.846,30.342],[9.871,30.355],[9.996,30.495],[10.101,30.642],[10.192,30.731],[10.254,30.842],[10.27,30.882],[10.27,30.916],[10.245,30.986],[10.241,31.021],[10.246,31.06],[10.245,31.078],[10.213,31.135],[10.183,31.241],[10.108,31.412],[10.106,31.429],[10.117,31.494],[10.133,31.518],[10.196,31.579],[10.264,31.68],[10.315,31.716],[10.428,31.715],[10.483,31.733],[10.499,31.744],[10.514,31.757],[10.526,31.772],[10.542,31.807],[10.585,31.84],[10.598,31.874],[10.606,31.954],[10.628,31.974],[10.647,31.972],[10.665,31.963],[10.684,31.957],[10.703,31.962],[10.737,31.985],[10.773,32.005],[10.806,32.032],[10.846,32.112],[10.873,32.137],[11.182,32.262],[11.444,32.368],[11.514,32.408],[11.526,32.418],[11.546,32.434],[11.564,32.465],[11.561,32.508],[11.537,32.544],[11.47,32.599],[11.45,32.638],[11.449,32.693],[11.464,32.798],[11.457,32.902],[11.474,32.97],[11.475,33.026],[11.477,33.041],[11.506,33.136],[11.505,33.181]]]]}},{"type":"Feature","properties":{"name":"Sudan"},"geometry":{"type":"MultiPolygon","coordinates":[[[[22.861,10.919],[22.9,11.06],[22.907,11.07],[22.922,11.087],[22.925,11.098],[22.926,11.118],[22.929,11.138],[22.935,11.156],[22.952,11.191],[22.956,11.209],[22.955,11.238],[22.954,11.251],[22.928,11.325],[22.915,11.396],[22.9,11.408],[22.877,11.409],[22.782,11.399],[22.772,11.403],[22.772,11.433],[22.769,11.442],[22.743,11.466],[22.663,11.493],[22.628,11.51],[22.592,11.544],[22.562,11.586],[22.542,11.633],[22.537,11.681],[22.593,11.989],[22.611,12.04],[22.614,12.057],[22.612,12.073],[22.607,12.078],[22.599,12.063],[22.586,12.071],[22.546,12.064],[22.481,12.044],[22.47,12.036],[22.464,12.033],[22.458,12.03],[22.484,12.14],[22.485,12.153],[22.484,12.165],[22.481,12.177],[22.408,12.4],[22.375,12.451],[22.373,12.463],[22.396,12.496],[22.446,12.611],[22.432,12.624],[22.33,12.661],[22.205,12.743],[22.176,12.701],[22.144,12.671],[22.106,12.65],[22.059,12.637],[22.02,12.631],[21.977,12.632],[21.936,12.64],[21.901,12.656],[21.88,12.676],[21.841,12.749],[21.814,12.782],[21.809,12.794],[21.812,12.8],[21.828,12.831],[21.853,12.906],[21.935,13.059],[21.964,13.098],[21.998,13.131],[22.016,13.14],[22.123,13.182],[22.14,13.194],[22.232,13.289],[22.268,13.335],[22.276,13.376],[22.264,13.399],[22.229,13.441],[22.216,13.465],[22.211,13.484],[22.211,13.542],[22.196,13.58],[22.132,13.639],[22.114,13.677],[22.114,13.7],[22.116,13.715],[22.113,13.73],[22.097,13.75],[22.074,13.771],[22.075,13.78],[22.099,13.819],[22.181,13.921],[22.191,13.933],[22.215,13.957],[22.244,13.975],[22.402,14.049],[22.422,14.062],[22.459,14.096],[22.481,14.109],[22.508,14.114],[22.531,14.123],[22.546,14.14],[22.548,14.169],[22.541,14.201],[22.532,14.221],[22.514,14.231],[22.458,14.241],[22.441,14.25],[22.429,14.265],[22.42,14.286],[22.417,14.298],[22.418,14.306],[22.427,14.323],[22.431,14.327],[22.445,14.333],[22.45,14.338],[22.451,14.346],[22.447,14.352],[22.442,14.357],[22.439,14.363],[22.425,14.47],[22.417,14.484],[22.386,14.507],[22.364,14.544],[22.382,14.579],[22.423,14.609],[22.465,14.629],[22.666,14.682],[22.677,14.689],[22.681,14.703],[22.68,14.712],[22.665,14.744],[22.659,14.761],[22.651,14.816],[22.651,14.842],[22.659,14.857],[22.695,14.881],[22.715,14.899],[22.721,14.916],[22.722,14.935],[22.727,14.959],[22.739,14.98],[22.829,15.072],[22.849,15.088],[22.872,15.1],[22.906,15.113],[22.913,15.122],[22.958,15.202],[22.966,15.224],[22.978,15.34],[22.976,15.374],[22.966,15.405],[22.945,15.433],[22.924,15.456],[22.907,15.481],[22.9,15.51],[22.907,15.541],[22.926,15.564],[23.005,15.611],[23.068,15.687],[23.095,15.704],[23.119,15.707],[23.167,15.713],[23.321,15.681],[23.396,15.688],[23.527,15.735],[23.593,15.749],[23.708,15.749],[23.829,15.731],[23.946,15.692],[23.973,15.691],[23.984,15.721],[23.984,15.722],[23.984,15.78],[23.984,16.012],[23.984,16.244],[23.984,16.477],[23.984,16.709],[23.983,16.941],[23.983,17.173],[23.983,17.406],[23.983,17.638],[23.983,17.87],[23.982,18.103],[23.982,18.335],[23.982,18.567],[23.982,18.799],[23.982,19.032],[23.982,19.264],[23.981,19.496],[23.981,19.621],[23.981,19.746],[23.981,19.871],[23.981,19.995],[24.142,19.995],[24.228,19.995],[24.341,19.995],[24.475,19.995],[24.599,19.995],[24.721,19.995],[24.867,19.995],[24.968,19.995],[24.97,19.995],[24.972,19.995],[24.975,19.996],[24.977,19.996],[24.978,19.997],[24.979,19.999],[24.98,20.001],[24.981,20.002],[24.981,20.008],[24.981,20.12],[24.981,20.215],[24.981,20.31],[24.981,20.405],[24.981,20.5],[24.981,20.625],[24.981,20.75],[24.981,20.874],[24.981,20.999],[24.981,21.123],[24.981,21.248],[24.981,21.372],[24.981,21.497],[24.981,21.622],[24.981,21.746],[24.981,21.871],[24.981,21.995],[25.078,21.995],[25.176,21.995],[25.273,21.995],[25.371,21.995],[25.468,21.995],[25.565,21.995],[25.663,21.995],[25.76,21.995],[25.857,21.995],[25.954,21.995],[26.052,21.995],[26.149,21.995],[26.247,21.995],[26.344,21.995],[26.441,21.995],[26.538,21.995],[26.636,21.995],[26.733,21.995],[26.83,21.995],[26.928,21.995],[27.025,21.995],[27.122,21.995],[27.22,21.995],[27.317,21.995],[27.414,21.995],[27.512,21.995],[27.609,21.995],[27.706,21.995],[27.804,21.995],[27.901,21.995],[27.998,21.995],[28.096,21.995],[28.193,21.995],[28.29,21.995],[28.388,21.995],[28.485,21.995],[28.582,21.995],[28.68,21.995],[28.777,21.995],[28.874,21.995],[28.972,21.995],[29.069,21.995],[29.166,21.995],[29.264,21.995],[29.361,21.995],[29.458,21.995],[29.556,21.995],[29.653,21.995],[29.75,21.995],[29.848,21.995],[29.945,21.995],[30.042,21.995],[30.139,21.995],[30.237,21.995],[30.334,21.995],[30.432,21.994],[30.529,21.994],[30.626,21.994],[30.723,21.994],[30.821,21.994],[30.918,21.994],[31.016,21.994],[31.113,21.994],[31.21,21.994],[31.248,21.994],[31.262,22.002],[31.311,22.096],[31.314,22.102],[31.36,22.188],[31.385,22.214],[31.404,22.224],[31.423,22.227],[31.443,22.224],[31.461,22.215],[31.483,22.195],[31.492,22.173],[31.491,22.148],[31.467,22.084],[31.435,21.995],[31.495,21.995],[31.522,21.995],[31.624,21.995],[31.727,21.995],[31.829,21.995],[31.931,21.995],[32.034,21.995],[32.136,21.995],[32.238,21.995],[32.341,21.995],[32.443,21.995],[32.525,21.995],[32.545,21.995],[32.648,21.995],[32.75,21.995],[32.853,21.995],[32.955,21.995],[33.057,21.995],[33.159,21.995],[33.16,21.995],[33.181,21.995],[33.304,21.903],[33.44,21.801],[33.558,21.711],[33.561,21.709],[33.866,21.75],[33.999,21.767],[34.084,21.995],[34.09,21.995],[34.323,21.995],[34.556,21.996],[34.789,21.996],[35.021,21.996],[35.254,21.996],[35.486,21.996],[35.719,21.996],[35.952,21.996],[36.185,21.996],[36.417,21.996],[36.65,21.996],[36.884,21.996],[36.881,21.981],[36.878,21.976],[36.874,21.974],[36.858,21.972],[36.84,21.966],[36.864,21.949],[36.874,21.936],[36.874,21.815],[36.897,21.678],[36.888,21.65],[36.902,21.641],[36.905,21.629],[36.906,21.617],[36.912,21.606],[36.923,21.596],[36.93,21.586],[36.984,21.466],[37.114,21.278],[37.199,21.202],[37.305,21.074],[37.313,21.058],[37.311,21.038],[37.304,21.021],[37.291,21.013],[37.272,21.02],[37.252,21.006],[37.234,21.02],[37.207,21.065],[37.2,21.074],[37.192,21.086],[37.189,21.097],[37.196,21.102],[37.209,21.099],[37.216,21.09],[37.221,21.08],[37.227,21.072],[37.25,21.055],[37.264,21.05],[37.272,21.054],[37.27,21.063],[37.245,21.089],[37.23,21.128],[37.219,21.142],[37.203,21.137],[37.175,21.157],[37.167,21.146],[37.159,21.148],[37.153,21.158],[37.149,21.171],[37.151,21.183],[37.158,21.195],[37.16,21.206],[37.149,21.219],[37.121,21.224],[37.105,21.208],[37.098,21.181],[37.101,21.157],[37.106,21.151],[37.118,21.15],[37.121,21.144],[37.117,21.132],[37.114,21.123],[37.118,21.098],[37.118,21.086],[37.114,21.075],[37.104,21.065],[37.094,21.062],[37.087,21.057],[37.086,21.041],[37.092,21.032],[37.121,21.0],[37.147,20.941],[37.16,20.878],[37.169,20.746],[37.184,20.684],[37.228,20.565],[37.23,20.5],[37.228,20.484],[37.222,20.468],[37.213,20.459],[37.182,20.463],[37.179,20.45],[37.183,20.42],[37.175,20.349],[37.182,20.309],[37.183,20.294],[37.206,20.235],[37.214,20.2],[37.22,20.167],[37.225,20.12],[37.21,20.082],[37.21,20.075],[37.206,20.064],[37.194,20.05],[37.189,20.04],[37.189,20.013],[37.196,19.979],[37.259,19.821],[37.265,19.787],[37.265,19.722],[37.263,19.704],[37.258,19.693],[37.241,19.67],[37.238,19.655],[37.245,19.595],[37.244,19.576],[37.245,19.568],[37.249,19.558],[37.265,19.532],[37.286,19.475],[37.325,19.263],[37.334,19.16],[37.337,19.148],[37.346,19.141],[37.355,19.135],[37.361,19.128],[37.361,19.122],[37.356,19.109],[37.355,19.102],[37.38,19.069],[37.392,19.019],[37.412,18.955],[37.426,18.913],[37.434,18.862],[37.448,18.844],[37.469,18.805],[37.492,18.768],[37.525,18.739],[37.531,18.727],[37.54,18.716],[37.551,18.71],[37.563,18.714],[37.574,18.72],[37.582,18.718],[37.642,18.727],[37.675,18.741],[37.679,18.723],[37.702,18.711],[37.72,18.708],[37.741,18.709],[37.747,18.698],[37.749,18.681],[37.766,18.667],[37.758,18.629],[37.774,18.637],[37.785,18.64],[37.796,18.632],[37.813,18.616],[37.926,18.585],[37.967,18.547],[37.995,18.502],[38.038,18.461],[38.066,18.444],[38.109,18.427],[38.122,18.413],[38.109,18.396],[38.083,18.383],[38.076,18.348],[38.104,18.292],[38.152,18.249],[38.205,18.237],[38.245,18.244],[38.251,18.281],[38.271,18.287],[38.306,18.307],[38.312,18.296],[38.304,18.288],[38.29,18.28],[38.279,18.273],[38.278,18.265],[38.279,18.254],[38.276,18.242],[38.264,18.231],[38.249,18.227],[38.236,18.227],[38.225,18.227],[38.217,18.218],[38.23,18.218],[38.265,18.224],[38.278,18.222],[38.287,18.216],[38.296,18.21],[38.306,18.204],[38.319,18.201],[38.348,18.198],[38.361,18.193],[38.376,18.191],[38.387,18.195],[38.388,18.203],[38.376,18.21],[38.391,18.224],[38.411,18.205],[38.443,18.156],[38.434,18.142],[38.45,18.132],[38.476,18.131],[38.492,18.141],[38.502,18.126],[38.506,18.086],[38.512,18.074],[38.532,18.071],[38.542,18.086],[38.54,18.109],[38.526,18.128],[38.543,18.118],[38.584,18.077],[38.591,18.062],[38.591,18.046],[38.593,18.036],[38.604,18.014],[38.602,18.005],[38.459,17.891],[38.432,17.852],[38.371,17.699],[38.344,17.656],[38.323,17.641],[38.274,17.618],[38.257,17.603],[38.252,17.583],[38.253,17.562],[38.25,17.542],[38.233,17.526],[38.21,17.522],[38.192,17.533],[38.177,17.548],[38.161,17.557],[38.125,17.547],[38.119,17.546],[38.115,17.537],[38.116,17.53],[38.119,17.523],[38.118,17.513],[38.108,17.494],[38.091,17.48],[38.076,17.48],[38.071,17.501],[38.072,17.521],[38.071,17.538],[38.062,17.548],[38.039,17.548],[38.015,17.54],[38.014,17.539],[37.947,17.496],[37.916,17.457],[37.896,17.443],[37.872,17.437],[37.849,17.444],[37.819,17.472],[37.799,17.477],[37.764,17.459],[37.72,17.384],[37.68,17.363],[37.639,17.358],[37.507,17.318],[37.496,17.312],[37.494,17.301],[37.505,17.255],[37.506,17.237],[37.501,17.195],[37.495,17.175],[37.473,17.137],[37.468,17.115],[37.46,17.095],[37.403,17.03],[37.31,17.055],[37.281,17.053],[37.233,17.025],[37.203,17.023],[37.188,17.025],[37.134,17.016],[37.124,17.018],[37.085,17.041],[37.075,17.045],[37.049,17.049],[37.031,17.056],[37.016,17.066],[37.0,17.073],[36.98,17.07],[36.973,17.063],[36.973,17.062],[36.971,17.054],[36.974,17.045],[36.993,17.019],[36.997,17.0],[36.992,16.98],[36.968,16.947],[36.972,16.936],[36.982,16.926],[36.991,16.914],[36.993,16.901],[36.991,16.861],[36.993,16.857],[36.998,16.848],[37.0,16.842],[36.998,16.838],[36.991,16.83],[36.989,16.826],[36.985,16.766],[36.96,16.706],[36.95,16.692],[36.917,16.669],[36.901,16.656],[36.892,16.637],[36.891,16.619],[36.893,16.587],[36.89,16.567],[36.877,16.527],[36.877,16.514],[36.883,16.49],[36.896,16.473],[36.912,16.457],[36.926,16.438],[36.927,16.435],[36.934,16.418],[36.933,16.4],[36.93,16.382],[36.928,16.361],[36.933,16.34],[36.952,16.3],[36.954,16.278],[36.944,16.253],[36.902,16.211],[36.886,16.185],[36.853,16.094],[36.807,15.969],[36.76,15.837],[36.733,15.795],[36.683,15.745],[36.671,15.723],[36.617,15.532],[36.614,15.489],[36.628,15.446],[36.595,15.424],[36.576,15.393],[36.525,15.248],[36.507,15.22],[36.433,15.151],[36.425,15.133],[36.424,15.112],[36.435,15.017],[36.455,14.849],[36.462,14.794],[36.474,14.697],[36.489,14.571],[36.504,14.447],[36.526,14.264],[36.437,13.991],[36.432,13.97],[36.433,13.944],[36.438,13.92],[36.455,13.87],[36.458,13.82],[36.44,13.776],[36.398,13.676],[36.395,13.656],[36.391,13.599],[36.382,13.571],[36.234,13.362],[36.137,13.032],[36.138,13.013],[36.146,12.997],[36.15,12.989],[36.15,12.98],[36.141,12.966],[36.126,12.951],[36.114,12.934],[36.115,12.912],[36.139,12.872],[36.143,12.857],[36.143,12.833],[36.124,12.721],[36.115,12.702],[36.099,12.696],[36.072,12.703],[36.063,12.708],[36.057,12.712],[36.051,12.715],[36.038,12.717],[36.03,12.717],[35.728,12.674],[35.703,12.666],[35.701,12.665],[35.688,12.659],[35.684,12.656],[35.684,12.651],[35.677,12.625],[35.676,12.615],[35.672,12.604],[35.662,12.594],[35.654,12.59],[35.634,12.589],[35.626,12.585],[35.617,12.575],[35.429,12.267],[35.418,12.239],[35.415,12.211],[35.413,12.199],[35.403,12.185],[35.393,12.177],[35.371,12.166],[35.361,12.157],[35.354,12.146],[35.336,12.102],[35.326,12.047],[35.317,12.024],[35.298,12.002],[35.26,11.98],[35.251,11.972],[35.249,11.962],[35.248,11.958],[35.248,11.94],[35.246,11.93],[35.216,11.897],[35.149,11.871],[35.127,11.863],[35.088,11.838],[35.073,11.819],[35.059,11.796],[35.048,11.771],[35.041,11.748],[35.041,11.727],[35.048,11.69],[35.046,11.649],[35.053,11.628],[35.074,11.587],[35.077,11.569],[35.073,11.549],[34.947,11.275],[34.944,11.253],[34.954,11.226],[34.971,11.207],[34.984,11.186],[34.98,11.155],[34.914,10.964],[34.914,10.953],[34.923,10.94],[34.953,10.918],[34.958,10.903],[34.951,10.869],[34.934,10.845],[34.88,10.805],[34.862,10.788],[34.857,10.776],[34.857,10.764],[34.851,10.746],[34.839,10.729],[34.828,10.728],[34.815,10.731],[34.799,10.73],[34.786,10.719],[34.773,10.688],[34.765,10.68],[34.754,10.684],[34.753,10.699],[34.757,10.729],[34.751,10.744],[34.737,10.755],[34.708,10.774],[34.587,10.879],[34.575,10.884],[34.558,10.878],[34.437,10.796],[34.42,10.781],[34.404,10.76],[34.366,10.686],[34.279,10.566],[34.272,10.53],[34.276,10.489],[34.325,10.269],[34.326,10.224],[34.317,10.181],[34.314,10.175],[34.305,10.166],[34.302,10.16],[34.302,10.149],[34.305,10.125],[34.303,10.114],[34.281,10.08],[34.222,10.026],[34.098,9.68],[34.067,9.531],[34.071,9.455],[33.901,9.455],[33.898,9.457],[33.895,9.459],[33.892,9.464],[33.889,9.471],[33.881,9.499],[33.878,9.543],[33.884,9.62],[33.905,9.711],[33.969,9.838],[33.972,9.849],[33.973,9.855],[33.973,9.862],[33.967,9.885],[33.96,9.904],[33.956,9.934],[33.967,10.0],[33.968,10.021],[33.967,10.047],[33.962,10.064],[33.917,10.175],[33.902,10.192],[33.686,10.368],[33.469,10.544],[33.39,10.639],[33.381,10.646],[33.371,10.651],[33.151,10.731],[33.14,10.739],[33.141,10.751],[33.148,10.766],[33.175,10.812],[33.178,10.825],[33.182,10.843],[33.133,11.214],[33.083,11.585],[33.083,11.599],[33.088,11.609],[33.091,11.615],[33.105,11.631],[33.116,11.647],[33.129,11.675],[33.132,11.686],[33.146,11.819],[33.145,11.935],[33.203,12.128],[33.209,12.21],[32.732,12.216],[32.729,12.212],[32.729,12.207],[32.73,12.201],[32.73,12.195],[32.73,12.182],[32.726,12.158],[32.725,12.145],[32.726,12.132],[32.733,12.086],[32.746,12.051],[32.748,12.04],[32.748,12.027],[32.747,12.003],[32.414,12.001],[32.082,12.0],[32.345,11.709],[32.348,11.703],[32.353,11.687],[32.355,11.676],[32.36,11.573],[32.346,11.412],[32.349,11.308],[32.364,11.24],[32.435,11.107],[32.431,11.082],[32.414,11.051],[32.178,10.853],[31.943,10.656],[31.93,10.637],[31.864,10.472],[31.802,10.376],[31.774,10.349],[31.665,10.214],[31.45,10.003],[31.235,9.792],[31.164,9.764],[30.95,9.752],[30.95,9.752],[30.837,9.749],[30.824,9.746],[30.805,9.739],[30.793,9.728],[30.779,9.72],[30.765,9.724],[30.749,9.736],[30.485,9.972],[30.249,10.121],[30.013,10.27],[29.968,10.243],[29.701,10.115],[29.646,10.082],[29.615,10.058],[29.614,9.914],[29.567,9.841],[29.483,9.762],[29.252,9.711],[29.132,9.668],[29.009,9.603],[28.989,9.587],[28.914,9.529],[28.849,9.466],[28.829,9.427],[28.827,9.385],[28.831,9.349],[28.844,9.325],[28.843,9.325],[28.444,9.328],[28.045,9.331],[27.997,9.385],[27.895,9.595],[27.885,9.591],[27.868,9.589],[27.77,9.583],[27.641,9.602],[27.636,9.601],[27.615,9.596],[27.609,9.595],[27.528,9.605],[27.385,9.605],[27.339,9.613],[27.08,9.607],[26.694,9.477],[26.684,9.476],[26.626,9.481],[26.601,9.492],[26.557,9.52],[26.368,9.74],[26.179,9.959],[26.103,9.988],[26.102,9.988],[26.088,10.003],[26.076,10.018],[26.017,10.115],[26.011,10.123],[26.007,10.126],[26.001,10.131],[25.998,10.132],[25.971,10.14],[25.956,10.147],[25.92,10.168],[25.912,10.174],[25.905,10.181],[25.903,10.186],[25.901,10.191],[25.895,10.346],[25.894,10.351],[25.892,10.356],[25.887,10.364],[25.843,10.418],[25.839,10.421],[25.828,10.42],[25.784,10.408],[25.763,10.398],[25.754,10.395],[25.746,10.394],[25.706,10.396],[25.7,10.395],[25.684,10.391],[25.661,10.387],[25.629,10.387],[25.623,10.386],[25.58,10.375],[25.506,10.35],[25.503,10.349],[25.491,10.346],[25.48,10.344],[25.439,10.345],[25.427,10.344],[25.416,10.342],[25.401,10.337],[25.392,10.333],[25.381,10.329],[25.369,10.328],[25.363,10.328],[25.351,10.327],[25.346,10.325],[25.327,10.317],[25.322,10.316],[25.316,10.316],[25.305,10.317],[25.3,10.317],[25.29,10.313],[25.285,10.312],[25.279,10.312],[25.273,10.313],[25.267,10.315],[25.257,10.319],[25.252,10.321],[25.24,10.323],[25.233,10.322],[25.226,10.321],[25.217,10.317],[25.21,10.316],[25.198,10.318],[25.193,10.317],[25.168,10.308],[25.157,10.306],[25.131,10.308],[25.121,10.306],[25.106,10.3],[25.09,10.296],[25.084,10.293],[25.077,10.287],[25.067,10.275],[25.017,10.168],[25.014,10.157],[25.014,10.149],[25.016,10.138],[25.017,10.133],[25.026,10.114],[25.029,10.104],[25.029,10.098],[25.029,10.092],[25.028,10.086],[25.017,10.057],[24.991,10.003],[24.985,9.986],[24.976,9.967],[24.968,9.956],[24.954,9.942],[24.927,9.905],[24.914,9.891],[24.879,9.87],[24.845,9.842],[24.836,9.837],[24.828,9.833],[24.817,9.831],[24.807,9.83],[24.804,9.829],[24.8,9.825],[24.796,9.819],[24.793,9.798],[24.794,9.532],[24.793,9.52],[24.785,9.498],[24.724,9.429],[24.695,9.403],[24.687,9.391],[24.68,9.373],[24.661,9.182],[24.66,9.177],[24.656,9.167],[24.565,9.015],[24.559,9.0],[24.558,8.993],[24.558,8.887],[24.553,8.88],[24.543,8.875],[24.494,8.858],[24.403,8.849],[24.38,8.844],[24.271,8.776],[24.241,8.762],[24.183,8.718],[24.177,8.71],[24.175,8.696],[24.17,8.689],[24.114,8.682],[24.01,8.699],[23.981,8.694],[23.962,8.697],[23.922,8.713],[23.867,8.708],[23.803,8.722],[23.769,8.721],[23.737,8.707],[23.721,8.702],[23.689,8.711],[23.657,8.71],[23.644,8.715],[23.629,8.726],[23.613,8.732],[23.596,8.734],[23.578,8.73],[23.564,8.723],[23.541,8.705],[23.526,8.701],[23.505,8.711],[23.49,8.733],[23.482,8.759],[23.482,8.783],[23.495,8.809],[23.537,8.856],[23.554,8.883],[23.566,8.94],[23.567,8.975],[23.56,8.996],[23.543,8.997],[23.505,8.961],[23.478,8.959],[23.451,8.974],[23.438,8.995],[23.436,9.019],[23.458,9.146],[23.463,9.154],[23.474,9.171],[23.489,9.177],[23.522,9.175],[23.538,9.178],[23.549,9.185],[23.571,9.207],[23.61,9.255],[23.623,9.266],[23.632,9.278],[23.631,9.292],[23.621,9.323],[23.622,9.341],[23.647,9.418],[23.646,9.425],[23.641,9.433],[23.635,9.435],[23.628,9.435],[23.62,9.448],[23.617,9.457],[23.619,9.488],[23.616,9.501],[23.607,9.526],[23.606,9.537],[23.619,9.566],[23.656,9.622],[23.669,9.652],[23.674,9.69],[23.645,9.863],[23.624,9.908],[23.458,10.174],[23.291,10.44],[23.109,10.614],[23.006,10.687],[22.863,10.892],[22.861,10.919]]],[[[37.265,20.855],[37.276,20.848],[37.279,20.846],[37.284,20.833],[37.272,20.766],[37.264,20.75],[37.254,20.75],[37.244,20.773],[37.243,20.804],[37.251,20.835],[37.265,20.855]]]]}},{"type":"Feature","properties":{"name":"Iraq"},"geometry":{"type":"MultiPolygon","coordinates":[[[[44.766,37.142],[44.753,37.113],[44.753,37.103],[44.761,37.086],[44.767,37.079],[44.774,37.076],[44.781,37.074],[44.788,37.07],[44.792,37.064],[44.797,37.048],[44.802,37.044],[44.811,37.042],[44.831,37.047],[44.841,37.047],[44.848,37.044],[44.859,37.034],[44.881,37.025],[44.887,37.016],[44.886,37.005],[44.875,36.994],[44.869,36.967],[44.875,36.95],[44.884,36.933],[44.889,36.911],[44.883,36.887],[44.87,36.869],[44.834,36.834],[44.823,36.809],[44.831,36.792],[44.851,36.781],[44.877,36.776],[44.908,36.778],[44.923,36.776],[44.935,36.767],[44.944,36.758],[44.955,36.752],[44.966,36.749],[44.979,36.749],[44.996,36.742],[45.011,36.726],[45.035,36.69],[45.046,36.668],[45.044,36.649],[45.025,36.613],[45.014,36.579],[45.013,36.558],[45.01,36.556],[44.998,36.552],[44.993,36.55],[44.991,36.534],[45.006,36.519],[45.01,36.516],[45.025,36.505],[45.038,36.494],[45.039,36.48],[45.045,36.472],[45.054,36.465],[45.062,36.455],[45.067,36.442],[45.069,36.433],[45.072,36.423],[45.084,36.413],[45.111,36.403],[45.14,36.404],[45.196,36.422],[45.221,36.421],[45.239,36.403],[45.25,36.378],[45.254,36.355],[45.257,36.312],[45.264,36.294],[45.283,36.275],[45.259,36.262],[45.264,36.25],[45.283,36.238],[45.297,36.227],[45.302,36.208],[45.3,36.161],[45.305,36.14],[45.336,36.108],[45.348,36.088],[45.344,36.067],[45.332,36.052],[45.32,36.031],[45.314,36.01],[45.32,35.994],[45.32,35.994],[45.32,35.994],[45.321,35.994],[45.338,35.979],[45.36,35.977],[45.382,35.983],[45.402,35.994],[45.402,35.994],[45.402,35.994],[45.402,35.994],[45.42,35.998],[45.453,36.012],[45.479,36.012],[45.501,36.005],[45.54,35.994],[45.577,35.966],[45.59,35.96],[45.617,35.955],[45.647,35.933],[45.693,35.88],[45.719,35.828],[45.731,35.815],[45.749,35.811],[45.787,35.82],[45.798,35.818],[45.814,35.809],[45.835,35.811],[45.854,35.818],[45.878,35.835],[45.888,35.835],[45.899,35.832],[45.909,35.831],[45.941,35.84],[46.005,35.838],[46.025,35.843],[46.044,35.852],[46.06,35.857],[46.077,35.857],[46.108,35.847],[46.115,35.846],[46.12,35.843],[46.125,35.822],[46.129,35.816],[46.135,35.81],[46.143,35.805],[46.164,35.798],[46.185,35.798],[46.227,35.806],[46.246,35.811],[46.264,35.821],[46.281,35.828],[46.303,35.827],[46.32,35.817],[46.327,35.803],[46.325,35.788],[46.313,35.772],[46.298,35.76],[46.267,35.744],[46.253,35.728],[46.238,35.716],[46.217,35.714],[46.178,35.715],[46.128,35.694],[46.107,35.69],[46.037,35.692],[46.016,35.686],[46.004,35.674],[45.996,35.658],[45.992,35.641],[45.992,35.624],[46.002,35.586],[45.999,35.572],[45.969,35.58],[45.964,35.58],[45.959,35.579],[45.968,35.559],[45.979,35.539],[45.983,35.535],[45.985,35.531],[45.983,35.527],[45.979,35.523],[45.971,35.518],[45.966,35.511],[45.964,35.503],[45.964,35.494],[45.977,35.465],[46.041,35.382],[46.096,35.341],[46.12,35.319],[46.127,35.289],[46.125,35.285],[46.12,35.275],[46.108,35.263],[46.099,35.25],[46.101,35.234],[46.115,35.226],[46.154,35.227],[46.169,35.216],[46.165,35.19],[46.144,35.16],[46.13,35.131],[46.151,35.112],[46.143,35.1],[46.132,35.095],[46.12,35.093],[46.095,35.086],[46.077,35.09],[46.067,35.089],[46.04,35.076],[46.025,35.064],[46.009,35.061],[45.979,35.072],[45.966,35.071],[45.956,35.074],[45.935,35.085],[45.92,35.09],[45.913,35.087],[45.899,35.069],[45.898,35.064],[45.901,35.052],[45.899,35.047],[45.893,35.044],[45.879,35.043],[45.872,35.041],[45.862,35.033],[45.857,35.021],[45.857,35.008],[45.86,34.994],[45.86,34.994],[45.869,34.968],[45.866,34.95],[45.858,34.931],[45.85,34.907],[45.835,34.89],[45.808,34.898],[45.796,34.903],[45.778,34.911],[45.755,34.91],[45.749,34.891],[45.75,34.865],[45.745,34.841],[45.718,34.825],[45.689,34.823],[45.677,34.818],[45.667,34.807],[45.664,34.795],[45.666,34.775],[45.663,34.763],[45.635,34.737],[45.627,34.721],[45.642,34.707],[45.651,34.703],[45.66,34.697],[45.667,34.69],[45.67,34.682],[45.673,34.671],[45.678,34.665],[45.683,34.66],[45.688,34.653],[45.691,34.634],[45.691,34.616],[45.694,34.599],[45.706,34.586],[45.709,34.579],[45.708,34.568],[45.706,34.558],[45.702,34.551],[45.696,34.55],[45.674,34.557],[45.605,34.561],[45.574,34.567],[45.54,34.582],[45.501,34.592],[45.497,34.564],[45.505,34.524],[45.503,34.494],[45.499,34.486],[45.493,34.479],[45.487,34.473],[45.479,34.467],[45.427,34.458],[45.417,34.444],[45.448,34.362],[45.461,34.34],[45.479,34.329],[45.499,34.342],[45.522,34.343],[45.542,34.332],[45.558,34.312],[45.563,34.289],[45.561,34.265],[45.548,34.216],[45.543,34.207],[45.529,34.189],[45.527,34.179],[45.531,34.168],[45.539,34.159],[45.545,34.151],[45.545,34.139],[45.534,34.128],[45.494,34.101],[45.479,34.088],[45.455,34.07],[45.444,34.048],[45.435,34.022],[45.42,33.994],[45.42,33.994],[45.42,33.994],[45.411,33.987],[45.402,33.982],[45.38,33.974],[45.401,33.949],[45.424,33.939],[45.45,33.937],[45.479,33.941],[45.482,33.941],[45.484,33.94],[45.486,33.939],[45.575,33.804],[45.588,33.792],[45.604,33.781],[45.617,33.769],[45.624,33.752],[45.628,33.732],[45.635,33.714],[45.645,33.698],[45.659,33.682],[45.674,33.669],[45.721,33.641],[45.725,33.633],[45.728,33.626],[45.728,33.59],[45.735,33.583],[45.752,33.587],[45.768,33.596],[45.798,33.619],[45.816,33.626],[45.864,33.626],[45.886,33.631],[45.882,33.6],[45.9,33.585],[45.921,33.573],[45.928,33.551],[45.916,33.536],[45.868,33.512],[45.853,33.494],[45.87,33.482],[45.899,33.476],[45.93,33.48],[45.948,33.494],[45.953,33.497],[45.958,33.497],[45.963,33.497],[45.964,33.496],[45.968,33.494],[45.971,33.493],[45.974,33.491],[46.008,33.456],[46.019,33.438],[46.027,33.42],[46.031,33.399],[46.031,33.383],[46.036,33.368],[46.07,33.341],[46.11,33.294],[46.141,33.272],[46.155,33.26],[46.164,33.243],[46.164,33.233],[46.158,33.214],[46.158,33.206],[46.162,33.196],[46.174,33.19],[46.174,33.181],[46.167,33.168],[46.153,33.154],[46.126,33.132],[46.105,33.118],[46.089,33.116],[46.072,33.117],[46.05,33.115],[46.03,33.106],[46.029,33.094],[46.043,33.083],[46.087,33.079],[46.106,33.073],[46.12,33.062],[46.126,33.048],[46.119,33.031],[46.105,33.018],[46.088,33.007],[46.076,32.994],[46.076,32.994],[46.097,32.954],[46.156,32.948],[46.273,32.959],[46.38,32.932],[46.479,32.892],[46.507,32.868],[46.601,32.823],[46.604,32.821],[46.65,32.789],[46.716,32.756],[46.757,32.716],[47.058,32.494],[47.059,32.494],[47.059,32.494],[47.091,32.475],[47.121,32.461],[47.153,32.455],[47.188,32.458],[47.205,32.464],[47.251,32.485],[47.265,32.485],[47.322,32.468],[47.343,32.459],[47.356,32.446],[47.367,32.431],[47.384,32.413],[47.411,32.395],[47.416,32.388],[47.418,32.376],[47.414,32.37],[47.409,32.364],[47.4,32.346],[47.396,32.342],[47.396,32.337],[47.402,32.324],[47.407,32.318],[47.437,32.294],[47.442,32.288],[47.445,32.283],[47.463,32.262],[47.469,32.256],[47.479,32.252],[47.485,32.239],[47.504,32.227],[47.509,32.214],[47.508,32.2],[47.502,32.19],[47.496,32.181],[47.492,32.17],[47.49,32.157],[47.491,32.149],[47.498,32.144],[47.514,32.14],[47.527,32.133],[47.535,32.123],[47.544,32.115],[47.559,32.113],[47.578,32.106],[47.58,32.103],[47.595,32.085],[47.618,32.042],[47.633,32.027],[47.668,32.012],[47.678,31.995],[47.678,31.995],[47.683,31.977],[47.718,31.922],[47.725,31.914],[47.743,31.904],[47.751,31.898],[47.757,31.889],[47.762,31.872],[47.765,31.864],[47.781,31.849],[47.821,31.824],[47.834,31.806],[47.837,31.784],[47.831,31.762],[47.679,31.408],[47.676,31.237],[47.673,30.995],[48.002,30.995],[48.012,30.989],[48.015,30.976],[48.012,30.495],[48.014,30.464],[48.119,30.451],[48.131,30.447],[48.141,30.442],[48.158,30.426],[48.17,30.407],[48.179,30.385],[48.188,30.341],[48.192,30.331],[48.2,30.324],[48.211,30.32],[48.223,30.318],[48.235,30.319],[48.272,30.324],[48.284,30.323],[48.296,30.32],[48.306,30.313],[48.326,30.283],[48.358,30.252],[48.397,30.221],[48.404,30.213],[48.409,30.202],[48.411,30.192],[48.408,30.181],[48.401,30.172],[48.391,30.165],[48.383,30.156],[48.381,30.145],[48.383,30.138],[48.396,30.115],[48.416,30.096],[48.421,30.085],[48.424,30.084],[48.442,30.034],[48.444,30.021],[48.453,30.001],[48.458,29.995],[48.464,29.989],[48.478,29.98],[48.493,29.972],[48.524,29.964],[48.531,29.961],[48.531,29.961],[48.531,29.956],[48.555,29.956],[48.559,29.947],[48.547,29.935],[48.521,29.929],[48.412,29.938],[48.335,29.961],[48.3,29.985],[48.265,29.994],[48.209,30.024],[48.166,30.038],[48.119,30.045],[48.076,30.046],[48.038,30.037],[47.969,30.004],[47.962,30.03],[47.959,30.061],[47.952,30.088],[47.935,30.107],[47.947,30.075],[47.948,30.062],[47.946,30.049],[47.942,30.037],[47.941,30.027],[47.948,30.018],[47.948,29.994],[47.731,30.089],[47.674,30.098],[47.416,30.098],[47.358,30.092],[47.197,30.034],[47.145,30.003],[47.11,29.961],[47.025,29.772],[46.989,29.713],[46.984,29.698],[46.98,29.668],[46.977,29.658],[46.958,29.62],[46.883,29.513],[46.853,29.445],[46.839,29.425],[46.774,29.364],[46.712,29.271],[46.561,29.124],[46.532,29.096],[46.489,29.088],[46.445,29.079],[46.427,29.076],[46.401,29.071],[46.357,29.063],[46.252,29.071],[46.176,29.077],[46.1,29.084],[46.024,29.09],[45.947,29.096],[45.845,29.104],[45.742,29.112],[45.64,29.12],[45.537,29.128],[45.435,29.136],[45.332,29.144],[45.23,29.152],[45.127,29.161],[45.048,29.167],[44.968,29.173],[44.889,29.18],[44.809,29.186],[44.717,29.193],[44.711,29.195],[44.705,29.197],[44.698,29.2],[44.692,29.202],[44.615,29.256],[44.52,29.323],[44.424,29.391],[44.329,29.458],[44.234,29.525],[44.119,29.606],[44.005,29.687],[43.89,29.767],[43.824,29.814],[43.775,29.848],[43.661,29.929],[43.546,30.01],[43.432,30.091],[43.317,30.171],[43.229,30.234],[43.141,30.296],[43.053,30.358],[42.965,30.42],[42.859,30.495],[42.859,30.495],[42.859,30.495],[42.859,30.495],[42.783,30.551],[42.764,30.566],[42.669,30.637],[42.574,30.708],[42.48,30.779],[42.395,30.842],[42.311,30.905],[42.226,30.967],[42.142,31.03],[42.075,31.08],[41.986,31.125],[41.899,31.17],[41.811,31.215],[41.723,31.259],[41.635,31.304],[41.548,31.349],[41.46,31.393],[41.372,31.438],[41.285,31.483],[41.197,31.528],[41.109,31.572],[41.021,31.617],[40.934,31.662],[40.846,31.706],[40.758,31.751],[40.67,31.796],[40.583,31.84],[40.48,31.893],[40.424,31.921],[40.37,31.938],[40.029,31.994],[40.029,31.994],[40.029,31.994],[40.029,31.994],[39.949,32.006],[39.751,32.035],[39.553,32.064],[39.356,32.093],[39.158,32.121],[39.155,32.121],[39.152,32.12],[39.149,32.119],[39.146,32.118],[39.146,32.126],[39.266,32.213],[39.292,32.245],[39.271,32.312],[39.256,32.343],[39.236,32.353],[39.046,32.308],[39.036,32.313],[39.029,32.328],[38.98,32.472],[38.979,32.474],[38.978,32.475],[38.979,32.476],[38.98,32.476],[39.057,32.497],[38.99,32.706],[38.943,32.852],[38.897,32.994],[38.863,33.101],[38.821,33.229],[38.775,33.372],[38.885,33.427],[38.996,33.482],[39.106,33.538],[39.217,33.593],[39.327,33.649],[39.438,33.704],[39.549,33.759],[39.659,33.815],[39.77,33.87],[39.88,33.926],[39.991,33.981],[40.101,34.036],[40.173,34.072],[40.212,34.092],[40.323,34.147],[40.433,34.203],[40.544,34.258],[40.69,34.331],[40.936,34.386],[40.965,34.402],[40.988,34.429],[41.024,34.494],[41.024,34.494],[41.196,34.768],[41.204,34.793],[41.207,34.819],[41.198,34.994],[41.192,35.159],[41.192,35.182],[41.201,35.243],[41.243,35.367],[41.252,35.464],[41.261,35.494],[41.261,35.494],[41.261,35.494],[41.261,35.494],[41.308,35.552],[41.342,35.594],[41.358,35.624],[41.364,35.655],[41.359,35.793],[41.355,35.826],[41.344,35.858],[41.266,35.994],[41.266,35.994],[41.266,35.994],[41.241,36.043],[41.237,36.06],[41.237,36.077],[41.269,36.328],[41.277,36.355],[41.365,36.494],[41.365,36.494],[41.365,36.494],[41.365,36.494],[41.385,36.516],[41.415,36.527],[41.48,36.536],[41.79,36.589],[41.817,36.6],[41.844,36.618],[41.979,36.734],[42.178,36.905],[42.282,36.994],[42.282,36.994],[42.282,36.994],[42.346,37.043],[42.377,37.062],[42.377,37.062],[42.377,37.077],[42.371,37.088],[42.364,37.098],[42.357,37.11],[42.402,37.114],[42.459,37.129],[42.545,37.141],[42.561,37.147],[42.565,37.152],[42.577,37.179],[42.702,37.325],[42.706,37.333],[42.707,37.34],[42.709,37.347],[42.716,37.355],[42.722,37.359],[42.772,37.375],[42.78,37.375],[42.792,37.374],[42.801,37.369],[42.805,37.352],[42.814,37.347],[42.897,37.325],[42.937,37.32],[42.98,37.332],[43.005,37.347],[43.044,37.36],[43.084,37.369],[43.115,37.371],[43.132,37.367],[43.263,37.311],[43.27,37.309],[43.279,37.308],[43.288,37.309],[43.297,37.317],[43.306,37.32],[43.324,37.322],[43.336,37.32],[43.363,37.304],[43.376,37.296],[43.417,37.279],[43.463,37.249],[43.48,37.243],[43.492,37.245],[43.517,37.252],[43.53,37.254],[43.542,37.252],[43.551,37.249],[43.569,37.238],[43.594,37.229],[43.618,37.227],[43.721,37.233],[43.747,37.231],[43.771,37.226],[43.781,37.22],[43.802,37.204],[43.809,37.2],[43.822,37.202],[43.84,37.217],[43.894,37.225],[43.924,37.253],[43.954,37.287],[43.99,37.313],[44.036,37.318],[44.069,37.314],[44.088,37.311],[44.184,37.279],[44.207,37.268],[44.223,37.254],[44.235,37.237],[44.244,37.214],[44.249,37.192],[44.25,37.179],[44.248,37.17],[44.24,37.158],[44.23,37.154],[44.219,37.153],[44.206,37.147],[44.189,37.129],[44.181,37.109],[44.18,37.088],[44.187,37.067],[44.228,36.994],[44.234,36.984],[44.243,36.978],[44.285,36.969],[44.297,36.97],[44.307,36.977],[44.316,36.994],[44.316,36.994],[44.316,36.994],[44.316,36.994],[44.332,37.015],[44.335,37.031],[44.343,37.042],[44.428,37.065],[44.454,37.076],[44.479,37.092],[44.503,37.117],[44.539,37.144],[44.578,37.166],[44.61,37.178],[44.629,37.179],[44.734,37.167],[44.754,37.159],[44.766,37.142]]]]}},{"type":"Feature","properties":{"name":"Saudi Arabia"},"geometry":{"type":"MultiPolygon","coordinates":[[[[50.808,24.747],[50.881,24.636],[50.929,24.587],[50.979,24.568],[51.039,24.56],[51.095,24.56],[51.147,24.576],[51.215,24.626],[51.218,24.618],[51.269,24.624],[51.278,24.619],[51.286,24.608],[51.295,24.603],[51.306,24.611],[51.307,24.603],[51.306,24.594],[51.302,24.587],[51.296,24.584],[51.29,24.579],[51.292,24.568],[51.297,24.558],[51.3,24.556],[51.297,24.522],[51.302,24.517],[51.32,24.523],[51.334,24.532],[51.361,24.576],[51.375,24.589],[51.388,24.597],[51.396,24.608],[51.395,24.631],[51.41,24.624],[51.428,24.623],[51.444,24.62],[51.45,24.607],[51.455,24.594],[51.468,24.592],[51.483,24.592],[51.498,24.584],[51.498,24.576],[51.482,24.569],[51.461,24.563],[51.444,24.555],[51.436,24.539],[51.432,24.539],[51.41,24.516],[51.405,24.508],[51.4,24.495],[51.395,24.488],[51.336,24.448],[51.327,24.436],[51.324,24.431],[51.311,24.415],[51.306,24.406],[51.304,24.396],[51.302,24.374],[51.3,24.364],[51.299,24.359],[51.3,24.352],[51.3,24.346],[51.296,24.344],[51.285,24.344],[51.28,24.344],[51.279,24.341],[51.278,24.319],[51.279,24.308],[51.282,24.303],[51.345,24.298],[51.368,24.303],[51.38,24.31],[51.389,24.317],[51.398,24.322],[51.413,24.323],[51.479,24.311],[51.497,24.298],[51.526,24.268],[51.569,24.256],[51.576,24.218],[51.575,24.192],[51.573,24.128],[51.579,24.102],[51.594,24.078],[51.65,24.011],[51.703,23.949],[51.755,23.887],[51.807,23.824],[51.859,23.763],[51.911,23.701],[51.963,23.639],[52.016,23.576],[52.068,23.514],[52.12,23.453],[52.172,23.39],[52.224,23.328],[52.276,23.266],[52.328,23.204],[52.381,23.142],[52.433,23.08],[52.485,23.018],[52.538,22.955],[52.558,22.939],[52.583,22.931],[52.744,22.911],[52.883,22.894],[53.022,22.877],[53.161,22.86],[53.3,22.843],[53.439,22.826],[53.578,22.809],[53.717,22.792],[53.856,22.775],[53.995,22.757],[54.134,22.74],[54.273,22.723],[54.412,22.706],[54.551,22.689],[54.69,22.672],[54.829,22.655],[54.969,22.638],[55.105,22.621],[55.12,22.623],[55.187,22.704],[55.25,22.605],[55.331,22.481],[55.412,22.356],[55.493,22.231],[55.574,22.106],[55.627,22.024],[55.637,22.002],[55.638,21.979],[55.6,21.866],[55.595,21.851],[55.589,21.831],[55.57,21.775],[55.541,21.689],[55.504,21.576],[55.46,21.443],[55.41,21.294],[55.357,21.136],[55.345,21.097],[55.303,20.971],[55.248,20.807],[55.196,20.649],[55.146,20.5],[55.102,20.367],[55.064,20.254],[55.036,20.168],[55.017,20.112],[55.011,20.092],[54.978,19.995],[54.828,19.945],[54.657,19.888],[54.486,19.831],[54.315,19.774],[54.143,19.717],[53.972,19.66],[53.801,19.603],[53.63,19.546],[53.459,19.489],[53.288,19.432],[53.117,19.375],[52.946,19.318],[52.774,19.261],[52.603,19.204],[52.432,19.147],[52.261,19.09],[52.09,19.033],[51.979,18.996],[51.821,18.974],[51.66,18.953],[51.5,18.931],[51.34,18.91],[51.18,18.888],[51.02,18.867],[50.86,18.845],[50.699,18.824],[50.539,18.802],[50.379,18.78],[50.219,18.759],[50.059,18.737],[49.899,18.716],[49.738,18.694],[49.578,18.673],[49.418,18.651],[49.258,18.63],[49.129,18.612],[49.036,18.58],[48.991,18.558],[48.848,18.488],[48.676,18.404],[48.484,18.31],[48.313,18.227],[48.184,18.164],[48.162,18.149],[48.084,18.056],[47.994,17.948],[47.836,17.758],[47.686,17.58],[47.589,17.463],[47.572,17.432],[47.525,17.308],[47.458,17.131],[47.429,17.093],[47.428,17.092],[47.314,17.028],[47.191,16.959],[47.161,16.947],[47.129,16.943],[46.997,16.949],[46.983,16.949],[46.97,16.957],[46.886,17.07],[46.812,17.168],[46.747,17.255],[46.71,17.275],[46.488,17.246],[46.323,17.224],[46.08,17.248],[45.891,17.267],[45.642,17.291],[45.43,17.312],[45.385,17.326],[45.222,17.417],[45.165,17.428],[44.997,17.43],[44.972,17.43],[44.849,17.431],[44.646,17.432],[44.625,17.427],[44.562,17.404],[44.534,17.403],[44.465,17.416],[44.404,17.419],[44.307,17.409],[44.231,17.392],[44.212,17.391],[44.169,17.402],[44.149,17.405],[44.134,17.395],[44.12,17.37],[44.104,17.352],[44.085,17.343],[44.059,17.347],[44.021,17.366],[44.004,17.368],[43.982,17.357],[43.967,17.34],[43.954,17.32],[43.939,17.305],[43.915,17.302],[43.903,17.304],[43.897,17.307],[43.894,17.312],[43.89,17.32],[43.893,17.34],[43.893,17.351],[43.887,17.354],[43.863,17.347],[43.846,17.346],[43.806,17.35],[43.769,17.346],[43.751,17.346],[43.731,17.352],[43.689,17.384],[43.62,17.459],[43.577,17.483],[43.503,17.513],[43.487,17.517],[43.453,17.519],[43.435,17.523],[43.413,17.52],[43.391,17.512],[43.303,17.459],[43.216,17.387],[43.168,17.331],[43.165,17.326],[43.222,17.308],[43.242,17.293],[43.252,17.272],[43.249,17.252],[43.226,17.241],[43.203,17.236],[43.177,17.226],[43.156,17.21],[43.15,17.19],[43.151,17.167],[43.145,17.147],[43.124,17.107],[43.118,17.086],[43.122,17.07],[43.13,17.053],[43.136,17.031],[43.136,17.01],[43.132,16.99],[43.115,16.952],[43.109,16.927],[43.113,16.91],[43.134,16.871],[43.146,16.834],[43.157,16.825],[43.194,16.815],[43.205,16.808],[43.212,16.797],[43.213,16.784],[43.209,16.773],[43.201,16.768],[43.192,16.764],[43.183,16.758],[43.169,16.737],[43.171,16.723],[43.18,16.708],[43.186,16.685],[43.186,16.683],[43.18,16.665],[43.163,16.662],[43.123,16.673],[43.098,16.678],[43.085,16.673],[43.08,16.659],[43.079,16.638],[43.075,16.619],[43.049,16.553],[43.036,16.536],[43.015,16.521],[42.971,16.496],[42.956,16.491],[42.917,16.484],[42.907,16.479],[42.903,16.466],[42.906,16.451],[42.907,16.435],[42.898,16.419],[42.872,16.402],[42.837,16.387],[42.789,16.371],[42.788,16.374],[42.788,16.41],[42.781,16.42],[42.795,16.453],[42.788,16.472],[42.74,16.525],[42.729,16.547],[42.725,16.566],[42.726,16.61],[42.738,16.653],[42.737,16.671],[42.719,16.675],[42.726,16.683],[42.714,16.694],[42.704,16.709],[42.702,16.723],[42.712,16.731],[42.706,16.741],[42.678,16.765],[42.672,16.772],[42.659,16.79],[42.636,16.815],[42.629,16.82],[42.597,16.837],[42.587,16.838],[42.576,16.832],[42.542,16.878],[42.556,16.922],[42.549,16.938],[42.549,16.987],[42.544,17.004],[42.535,17.01],[42.525,17.015],[42.521,17.028],[42.513,17.037],[42.494,17.038],[42.474,17.037],[42.46,17.038],[42.448,17.049],[42.438,17.065],[42.425,17.093],[42.421,17.108],[42.416,17.142],[42.411,17.156],[42.402,17.164],[42.357,17.182],[42.359,17.165],[42.366,17.149],[42.384,17.121],[42.364,17.109],[42.374,17.043],[42.363,17.025],[42.357,17.046],[42.357,17.114],[42.353,17.135],[42.339,17.174],[42.322,17.309],[42.315,17.333],[42.311,17.351],[42.317,17.401],[42.315,17.422],[42.308,17.444],[42.302,17.454],[42.292,17.457],[42.281,17.458],[42.274,17.46],[42.269,17.465],[42.267,17.474],[42.261,17.485],[42.153,17.574],[42.144,17.577],[42.141,17.571],[42.134,17.58],[42.123,17.601],[42.104,17.628],[42.098,17.644],[42.094,17.652],[42.086,17.655],[42.063,17.651],[42.053,17.653],[42.049,17.666],[42.044,17.674],[42.0,17.717],[41.999,17.715],[41.992,17.713],[41.985,17.711],[41.979,17.711],[41.97,17.72],[41.939,17.762],[41.929,17.767],[41.869,17.821],[41.848,17.812],[41.81,17.837],[41.788,17.834],[41.778,17.86],[41.761,17.877],[41.739,17.891],[41.719,17.909],[41.677,17.961],[41.671,17.978],[41.672,17.99],[41.675,18.001],[41.674,18.009],[41.661,18.012],[41.654,18.015],[41.652,18.023],[41.653,18.031],[41.651,18.039],[41.609,18.075],[41.594,18.096],[41.603,18.115],[41.585,18.135],[41.578,18.146],[41.575,18.159],[41.571,18.165],[41.562,18.168],[41.556,18.174],[41.561,18.19],[41.541,18.192],[41.521,18.197],[41.524,18.201],[41.526,18.204],[41.528,18.207],[41.534,18.21],[41.528,18.222],[41.519,18.228],[41.507,18.228],[41.493,18.224],[41.5,18.233],[41.505,18.243],[41.506,18.252],[41.5,18.259],[41.506,18.272],[41.5,18.279],[41.488,18.281],[41.472,18.279],[41.475,18.293],[41.472,18.312],[41.465,18.331],[41.455,18.344],[41.451,18.356],[41.445,18.394],[41.442,18.402],[41.44,18.411],[41.438,18.464],[41.436,18.47],[41.433,18.474],[41.428,18.477],[41.421,18.478],[41.416,18.482],[41.414,18.49],[41.413,18.499],[41.411,18.506],[41.375,18.529],[41.37,18.536],[41.368,18.546],[41.363,18.559],[41.356,18.569],[41.34,18.576],[41.334,18.581],[41.33,18.585],[41.328,18.588],[41.322,18.586],[41.312,18.575],[41.308,18.573],[41.297,18.577],[41.286,18.584],[41.275,18.592],[41.267,18.601],[41.241,18.658],[41.229,18.673],[41.217,18.686],[41.21,18.698],[41.209,18.712],[41.212,18.731],[41.236,18.797],[41.24,18.817],[41.243,18.825],[41.248,18.828],[41.249,18.834],[41.24,18.848],[41.235,18.849],[41.213,18.86],[41.212,18.862],[41.171,18.872],[41.161,18.903],[41.16,18.909],[41.141,18.933],[41.136,18.937],[41.136,18.947],[41.137,18.958],[41.143,18.977],[41.148,18.988],[41.153,18.996],[41.157,19.004],[41.159,19.022],[41.164,19.043],[41.177,19.067],[41.168,19.082],[41.149,19.094],[41.13,19.102],[41.086,19.114],[41.069,19.125],[41.058,19.153],[41.044,19.174],[41.04,19.184],[41.041,19.195],[41.048,19.218],[41.048,19.227],[41.042,19.246],[41.04,19.256],[41.036,19.265],[41.018,19.274],[41.014,19.283],[41.009,19.304],[40.998,19.315],[40.983,19.323],[40.956,19.343],[40.958,19.346],[40.959,19.359],[40.957,19.369],[40.947,19.384],[40.945,19.393],[40.943,19.403],[40.938,19.419],[40.938,19.431],[40.945,19.441],[40.954,19.449],[40.959,19.456],[40.952,19.464],[40.955,19.475],[40.952,19.485],[40.947,19.494],[40.945,19.506],[40.859,19.534],[40.835,19.547],[40.785,19.596],[40.76,19.609],[40.76,19.615],[40.771,19.614],[40.794,19.601],[40.801,19.642],[40.798,19.692],[40.791,19.714],[40.745,19.777],[40.725,19.789],[40.674,19.795],[40.654,19.794],[40.645,19.785],[40.657,19.76],[40.642,19.771],[40.629,19.792],[40.62,19.812],[40.619,19.821],[40.605,19.83],[40.564,19.886],[40.534,19.904],[40.527,19.91],[40.528,19.918],[40.541,19.944],[40.535,19.962],[40.523,19.972],[40.492,19.985],[40.455,20.007],[40.446,20.01],[40.436,20.023],[40.428,20.026],[40.418,20.031],[40.394,20.064],[40.386,20.068],[40.361,20.074],[40.352,20.075],[40.334,20.08],[40.313,20.091],[40.268,20.125],[40.232,20.164],[40.239,20.178],[40.222,20.189],[40.196,20.196],[40.165,20.2],[40.159,20.205],[40.15,20.218],[40.134,20.232],[40.125,20.241],[40.126,20.246],[40.116,20.252],[40.084,20.279],[40.068,20.287],[40.045,20.286],[40.02,20.282],[40.0,20.275],[39.992,20.267],[39.968,20.275],[39.925,20.299],[39.903,20.308],[39.904,20.296],[39.91,20.288],[39.918,20.284],[39.927,20.277],[39.931,20.275],[39.941,20.269],[39.947,20.262],[39.941,20.259],[39.923,20.264],[39.825,20.32],[39.811,20.331],[39.798,20.337],[39.778,20.343],[39.76,20.351],[39.745,20.381],[39.727,20.397],[39.674,20.436],[39.646,20.462],[39.587,20.552],[39.567,20.568],[39.567,20.575],[39.577,20.575],[39.585,20.576],[39.591,20.58],[39.595,20.589],[39.579,20.591],[39.567,20.598],[39.543,20.619],[39.537,20.63],[39.531,20.659],[39.526,20.671],[39.493,20.706],[39.49,20.723],[39.506,20.746],[39.471,20.757],[39.458,20.759],[39.46,20.752],[39.465,20.746],[39.471,20.742],[39.478,20.739],[39.458,20.745],[39.436,20.757],[39.423,20.772],[39.43,20.787],[39.421,20.792],[39.417,20.798],[39.418,20.805],[39.423,20.814],[39.428,20.806],[39.435,20.801],[39.446,20.797],[39.458,20.794],[39.453,20.806],[39.451,20.812],[39.451,20.818],[39.449,20.827],[39.444,20.828],[39.437,20.826],[39.43,20.828],[39.417,20.847],[39.411,20.847],[39.41,20.828],[39.388,20.841],[39.36,20.863],[39.339,20.887],[39.341,20.91],[39.345,20.905],[39.353,20.899],[39.36,20.897],[39.362,20.904],[39.358,20.915],[39.353,20.92],[39.345,20.922],[39.337,20.927],[39.328,20.932],[39.317,20.93],[39.307,20.926],[39.297,20.924],[39.297,20.928],[39.269,20.969],[39.262,20.983],[39.26,21.0],[39.259,21.024],[39.256,21.033],[39.242,21.042],[39.239,21.051],[39.238,21.063],[39.234,21.067],[39.228,21.069],[39.185,21.097],[39.174,21.109],[39.168,21.136],[39.159,21.156],[39.157,21.168],[39.159,21.173],[39.168,21.185],[39.17,21.191],[39.163,21.206],[39.126,21.26],[39.112,21.268],[39.081,21.315],[39.16,21.38],[39.171,21.404],[39.172,21.436],[39.165,21.465],[39.15,21.48],[39.15,21.486],[39.16,21.494],[39.159,21.508],[39.143,21.541],[39.13,21.52],[39.12,21.517],[39.11,21.528],[39.101,21.548],[39.109,21.555],[39.092,21.577],[39.089,21.606],[39.09,21.637],[39.088,21.664],[39.077,21.692],[39.079,21.706],[39.098,21.713],[39.104,21.719],[39.109,21.732],[39.109,21.748],[39.101,21.76],[39.094,21.739],[39.088,21.73],[39.081,21.726],[39.067,21.725],[39.063,21.73],[39.064,21.738],[39.06,21.746],[39.054,21.752],[39.049,21.755],[39.045,21.759],[39.04,21.767],[39.037,21.776],[39.036,21.793],[39.033,21.801],[39.031,21.801],[39.019,21.808],[39.017,21.811],[39.014,21.819],[39.012,21.822],[38.979,21.862],[38.95,21.922],[38.931,22.006],[38.933,22.025],[38.959,22.034],[38.986,22.002],[39.006,22.002],[39.01,22.024],[39.01,22.044],[39.012,22.054],[39.017,22.058],[39.03,22.067],[39.033,22.072],[39.035,22.091],[39.044,22.131],[39.047,22.151],[39.04,22.151],[39.026,22.117],[39.019,22.132],[39.023,22.142],[39.029,22.153],[39.033,22.168],[39.033,22.209],[39.04,22.236],[39.073,22.271],[39.084,22.314],[39.091,22.323],[39.1,22.332],[39.109,22.342],[39.122,22.37],[39.139,22.386],[39.143,22.391],[39.143,22.403],[39.137,22.415],[39.128,22.421],[39.115,22.419],[39.108,22.409],[39.101,22.38],[39.095,22.37],[39.07,22.366],[39.069,22.394],[39.082,22.436],[39.074,22.491],[39.082,22.547],[39.074,22.574],[39.066,22.588],[39.039,22.623],[39.012,22.679],[38.993,22.709],[38.986,22.724],[38.988,22.736],[39.015,22.759],[39.013,22.767],[38.965,22.816],[38.945,22.831],[38.937,22.826],[38.94,22.821],[38.958,22.804],[38.965,22.795],[38.968,22.784],[38.969,22.774],[38.971,22.764],[38.978,22.754],[38.971,22.747],[38.958,22.775],[38.93,22.815],[38.903,22.843],[38.851,22.93],[38.851,22.943],[38.88,22.928],[38.913,22.862],[38.931,22.857],[38.941,22.851],[38.951,22.852],[38.959,22.859],[38.965,22.87],[38.954,22.882],[38.937,22.912],[38.927,22.918],[38.92,22.921],[38.911,22.928],[38.905,22.938],[38.903,22.949],[38.894,22.965],[38.874,22.973],[38.851,22.978],[38.834,22.987],[38.814,22.983],[38.8,22.999],[38.779,23.041],[38.79,23.051],[38.799,23.065],[38.804,23.079],[38.806,23.093],[38.804,23.122],[38.799,23.137],[38.798,23.15],[38.787,23.155],[38.778,23.139],[38.765,23.161],[38.748,23.183],[38.729,23.216],[38.711,23.236],[38.704,23.258],[38.692,23.273],[38.689,23.287],[38.68,23.304],[38.68,23.318],[38.673,23.348],[38.659,23.372],[38.647,23.401],[38.641,23.44],[38.637,23.468],[38.631,23.49],[38.629,23.508],[38.612,23.524],[38.605,23.535],[38.602,23.552],[38.6,23.568],[38.578,23.557],[38.568,23.562],[38.56,23.562],[38.561,23.546],[38.57,23.537],[38.595,23.528],[38.595,23.521],[38.562,23.524],[38.54,23.543],[38.539,23.592],[38.495,23.645],[38.471,23.713],[38.464,23.736],[38.46,23.761],[38.453,23.784],[38.437,23.802],[38.427,23.807],[38.416,23.809],[38.4,23.814],[38.39,23.824],[38.385,23.839],[38.377,23.856],[38.365,23.87],[38.349,23.875],[38.333,23.879],[38.319,23.886],[38.309,23.893],[38.3,23.91],[38.283,23.928],[38.275,23.934],[38.259,23.945],[38.238,23.951],[38.222,23.953],[38.198,23.967],[38.185,23.976],[38.166,23.993],[38.147,24.015],[38.126,24.029],[38.109,24.044],[38.079,24.07],[38.071,24.074],[38.063,24.076],[38.054,24.072],[38.046,24.067],[38.023,24.082],[38.008,24.093],[37.966,24.117],[37.935,24.139],[37.941,24.151],[37.958,24.162],[37.983,24.166],[37.973,24.175],[37.958,24.17],[37.94,24.161],[37.932,24.174],[37.944,24.191],[37.948,24.207],[37.937,24.211],[37.931,24.203],[37.918,24.201],[37.913,24.192],[37.918,24.186],[37.922,24.177],[37.923,24.165],[37.924,24.156],[37.918,24.15],[37.896,24.157],[37.866,24.15],[37.82,24.182],[37.806,24.193],[37.768,24.221],[37.759,24.242],[37.746,24.25],[37.728,24.257],[37.71,24.266],[37.696,24.279],[37.676,24.291],[37.652,24.291],[37.641,24.292],[37.626,24.281],[37.623,24.268],[37.628,24.248],[37.586,24.247],[37.575,24.262],[37.546,24.274],[37.523,24.268],[37.501,24.289],[37.487,24.311],[37.465,24.34],[37.429,24.367],[37.418,24.401],[37.428,24.421],[37.435,24.419],[37.455,24.407],[37.463,24.423],[37.457,24.441],[37.319,24.624],[37.258,24.702],[37.229,24.738],[37.227,24.765],[37.23,24.773],[37.231,24.783],[37.23,24.793],[37.227,24.8],[37.22,24.803],[37.207,24.791],[37.196,24.79],[37.179,24.799],[37.166,24.815],[37.149,24.851],[37.174,24.851],[37.197,24.847],[37.219,24.847],[37.244,24.854],[37.257,24.871],[37.258,24.922],[37.28,24.964],[37.277,24.987],[37.258,25.029],[37.251,25.053],[37.258,25.111],[37.256,25.134],[37.251,25.155],[37.242,25.175],[37.23,25.194],[37.212,25.214],[37.2,25.224],[37.189,25.231],[37.18,25.239],[37.171,25.258],[37.162,25.266],[37.142,25.28],[37.123,25.3],[37.105,25.322],[37.093,25.344],[37.091,25.354],[37.089,25.377],[37.086,25.385],[37.08,25.395],[37.065,25.41],[37.06,25.42],[37.077,25.431],[37.063,25.454],[37.018,25.495],[37.011,25.507],[36.994,25.55],[36.989,25.557],[36.976,25.565],[36.97,25.57],[36.969,25.576],[36.97,25.589],[36.967,25.594],[36.958,25.606],[36.944,25.635],[36.936,25.646],[36.924,25.655],[36.894,25.666],[36.882,25.673],[36.842,25.73],[36.817,25.758],[36.796,25.759],[36.794,25.748],[36.8,25.737],[36.804,25.727],[36.792,25.721],[36.78,25.724],[36.749,25.744],[36.734,25.749],[36.725,25.754],[36.702,25.78],[36.696,25.79],[36.695,25.796],[36.696,25.817],[36.694,25.823],[36.682,25.826],[36.676,25.831],[36.663,25.856],[36.662,25.879],[36.672,25.901],[36.693,25.923],[36.706,25.944],[36.709,25.971],[36.706,25.999],[36.696,26.022],[36.672,26.045],[36.641,26.06],[36.606,26.068],[36.573,26.071],[36.537,26.082],[36.513,26.111],[36.449,26.247],[36.426,26.282],[36.383,26.335],[36.309,26.498],[36.23,26.626],[36.182,26.68],[36.124,26.727],[36.098,26.754],[36.082,26.797],[36.052,26.845],[36.032,26.907],[36.014,26.902],[36.0,26.914],[35.977,26.948],[35.912,27.0],[35.832,27.093],[35.803,27.142],[35.8,27.15],[35.799,27.16],[35.801,27.168],[35.811,27.182],[35.813,27.191],[35.808,27.203],[35.784,27.235],[35.7,27.325],[35.653,27.354],[35.64,27.363],[35.617,27.39],[35.59,27.429],[35.56,27.456],[35.521,27.518],[35.511,27.544],[35.507,27.564],[35.506,27.601],[35.5,27.619],[35.492,27.632],[35.459,27.663],[35.441,27.69],[35.415,27.751],[35.394,27.777],[35.385,27.783],[35.365,27.79],[35.357,27.794],[35.351,27.801],[35.347,27.815],[35.337,27.834],[35.332,27.862],[35.323,27.876],[35.271,27.928],[35.255,27.953],[35.246,27.962],[35.23,27.969],[35.181,28.003],[35.181,27.996],[35.175,27.996],[35.164,28.009],[35.177,28.019],[35.199,28.028],[35.216,28.038],[35.227,28.033],[35.226,28.039],[35.216,28.054],[35.21,28.057],[35.183,28.062],[35.175,28.065],[35.168,28.065],[35.168,28.058],[35.162,28.058],[35.158,28.064],[35.152,28.071],[35.145,28.076],[35.137,28.079],[35.119,28.078],[35.11,28.079],[35.099,28.09],[35.052,28.12],[35.042,28.113],[35.03,28.113],[35.02,28.113],[35.022,28.108],[35.026,28.103],[35.031,28.099],[35.021,28.104],[35.01,28.111],[34.998,28.114],[34.986,28.109],[34.976,28.103],[34.945,28.095],[34.937,28.091],[34.931,28.086],[34.928,28.079],[34.921,28.079],[34.921,28.085],[34.914,28.085],[34.901,28.082],[34.881,28.086],[34.86,28.085],[34.846,28.071],[34.844,28.076],[34.843,28.076],[34.839,28.079],[34.839,28.085],[34.846,28.085],[34.846,28.093],[34.843,28.1],[34.848,28.106],[34.857,28.11],[34.866,28.113],[34.857,28.116],[34.847,28.118],[34.837,28.116],[34.825,28.113],[34.825,28.106],[34.833,28.106],[34.833,28.099],[34.822,28.096],[34.814,28.089],[34.805,28.071],[34.802,28.075],[34.799,28.077],[34.795,28.077],[34.792,28.079],[34.796,28.085],[34.802,28.09],[34.809,28.095],[34.819,28.099],[34.819,28.103],[34.818,28.107],[34.819,28.113],[34.805,28.113],[34.794,28.111],[34.786,28.105],[34.784,28.093],[34.779,28.096],[34.777,28.096],[34.776,28.095],[34.771,28.093],[34.77,28.096],[34.771,28.103],[34.771,28.106],[34.765,28.106],[34.765,28.099],[34.757,28.099],[34.752,28.108],[34.747,28.112],[34.742,28.112],[34.737,28.106],[34.727,28.112],[34.725,28.115],[34.719,28.123],[34.715,28.128],[34.709,28.14],[34.706,28.138],[34.702,28.135],[34.698,28.132],[34.695,28.126],[34.682,28.135],[34.678,28.131],[34.678,28.121],[34.675,28.113],[34.667,28.109],[34.654,28.104],[34.647,28.099],[34.647,28.093],[34.668,28.079],[34.668,28.071],[34.662,28.071],[34.659,28.069],[34.657,28.067],[34.655,28.065],[34.647,28.071],[34.642,28.055],[34.641,28.042],[34.635,28.033],[34.613,28.03],[34.615,28.035],[34.616,28.036],[34.617,28.035],[34.62,28.038],[34.613,28.045],[34.609,28.059],[34.607,28.072],[34.606,28.096],[34.599,28.103],[34.574,28.094],[34.579,28.106],[34.573,28.113],[34.587,28.132],[34.597,28.139],[34.606,28.143],[34.606,28.148],[34.612,28.15],[34.621,28.157],[34.627,28.161],[34.62,28.167],[34.623,28.173],[34.627,28.177],[34.632,28.179],[34.64,28.181],[34.64,28.176],[34.638,28.175],[34.635,28.176],[34.633,28.175],[34.643,28.17],[34.652,28.168],[34.658,28.171],[34.661,28.181],[34.655,28.181],[34.655,28.188],[34.648,28.194],[34.65,28.201],[34.657,28.206],[34.668,28.209],[34.668,28.216],[34.665,28.225],[34.675,28.27],[34.678,28.268],[34.685,28.266],[34.689,28.264],[34.688,28.267],[34.689,28.277],[34.683,28.274],[34.68,28.272],[34.675,28.277],[34.695,28.294],[34.715,28.327],[34.73,28.364],[34.741,28.411],[34.761,28.437],[34.768,28.466],[34.775,28.483],[34.804,28.527],[34.796,28.572],[34.793,28.619],[34.778,28.665],[34.797,28.726],[34.81,28.758],[34.825,28.784],[34.825,28.791],[34.819,28.791],[34.836,28.816],[34.839,28.829],[34.833,28.84],[34.833,28.846],[34.844,28.876],[34.842,28.89],[34.825,28.894],[34.825,28.9],[34.84,28.922],[34.856,28.964],[34.864,29.006],[34.853,29.031],[34.853,29.045],[34.864,29.064],[34.874,29.085],[34.894,29.175],[34.898,29.188],[34.909,29.21],[34.908,29.216],[34.909,29.231],[34.919,29.239],[34.942,29.25],[34.935,29.267],[34.933,29.289],[34.936,29.304],[34.948,29.298],[34.949,29.302],[34.949,29.304],[34.951,29.306],[34.956,29.305],[34.948,29.32],[34.945,29.337],[34.949,29.352],[35.06,29.335],[35.179,29.317],[35.335,29.293],[35.474,29.272],[35.622,29.25],[35.74,29.232],[35.797,29.223],[35.912,29.206],[36.016,29.19],[36.044,29.191],[36.069,29.2],[36.178,29.278],[36.284,29.355],[36.4,29.439],[36.477,29.495],[36.541,29.589],[36.604,29.681],[36.65,29.749],[36.705,29.831],[36.729,29.854],[36.756,29.866],[36.843,29.881],[36.932,29.897],[37.076,29.923],[37.219,29.949],[37.352,29.973],[37.47,29.995],[37.492,30.011],[37.536,30.105],[37.569,30.175],[37.605,30.251],[37.635,30.313],[37.648,30.331],[37.671,30.348],[37.779,30.4],[37.9,30.459],[37.973,30.495],[37.98,30.498],[37.981,30.498],[37.981,30.499],[37.981,30.499],[37.932,30.55],[37.822,30.661],[37.712,30.772],[37.602,30.883],[37.493,30.994],[37.489,30.998],[37.486,31.001],[37.483,31.004],[37.48,31.007],[37.35,31.128],[37.222,31.247],[37.22,31.249],[37.09,31.37],[36.96,31.491],[36.998,31.501],[37.207,31.554],[37.455,31.618],[37.703,31.681],[37.761,31.696],[37.95,31.744],[37.987,31.753],[38.175,31.8],[38.4,31.855],[38.625,31.911],[38.85,31.966],[38.963,31.994],[38.963,31.994],[38.963,31.994],[38.998,32.007],[39.117,32.103],[39.136,32.115],[39.146,32.118],[39.149,32.119],[39.152,32.12],[39.155,32.121],[39.158,32.121],[39.356,32.093],[39.553,32.064],[39.751,32.035],[39.949,32.006],[40.029,31.994],[40.029,31.994],[40.029,31.994],[40.029,31.994],[40.37,31.938],[40.424,31.921],[40.48,31.893],[40.583,31.84],[40.67,31.796],[40.758,31.751],[40.846,31.706],[40.934,31.662],[41.021,31.617],[41.109,31.572],[41.197,31.528],[41.285,31.483],[41.372,31.438],[41.46,31.393],[41.548,31.349],[41.635,31.304],[41.723,31.259],[41.811,31.215],[41.899,31.17],[41.986,31.125],[42.075,31.08],[42.142,31.03],[42.226,30.967],[42.311,30.905],[42.395,30.842],[42.48,30.779],[42.574,30.708],[42.669,30.637],[42.764,30.566],[42.783,30.551],[42.859,30.495],[42.859,30.495],[42.859,30.495],[42.859,30.495],[42.965,30.42],[43.053,30.358],[43.141,30.296],[43.229,30.234],[43.317,30.171],[43.432,30.091],[43.546,30.01],[43.661,29.929],[43.775,29.848],[43.824,29.814],[43.89,29.767],[44.005,29.687],[44.119,29.606],[44.234,29.525],[44.329,29.458],[44.424,29.391],[44.52,29.323],[44.615,29.256],[44.692,29.202],[44.698,29.2],[44.705,29.197],[44.711,29.195],[44.717,29.193],[44.809,29.186],[44.889,29.18],[44.968,29.173],[45.048,29.167],[45.127,29.161],[45.23,29.152],[45.332,29.144],[45.435,29.136],[45.537,29.128],[45.64,29.12],[45.742,29.112],[45.845,29.104],[45.947,29.096],[46.024,29.09],[46.1,29.084],[46.176,29.077],[46.252,29.071],[46.357,29.063],[46.401,29.071],[46.427,29.076],[46.445,29.079],[46.489,29.088],[46.532,29.096],[46.644,29.084],[46.756,29.072],[46.867,29.059],[46.979,29.047],[47.079,29.036],[47.178,29.024],[47.278,29.013],[47.378,29.001],[47.433,28.995],[47.433,28.995],[47.434,28.995],[47.434,28.995],[47.446,28.976],[47.494,28.904],[47.55,28.771],[47.555,28.745],[47.558,28.691],[47.568,28.661],[47.582,28.631],[47.597,28.609],[47.618,28.591],[47.641,28.577],[47.66,28.56],[47.668,28.534],[47.722,28.534],[47.9,28.536],[48.077,28.537],[48.255,28.539],[48.433,28.54],[48.456,28.518],[48.469,28.511],[48.495,28.5],[48.499,28.493],[48.508,28.449],[48.508,28.416],[48.499,28.393],[48.476,28.401],[48.471,28.394],[48.47,28.391],[48.469,28.387],[48.488,28.386],[48.505,28.39],[48.517,28.399],[48.524,28.414],[48.535,28.408],[48.535,28.399],[48.524,28.38],[48.518,28.354],[48.517,28.342],[48.522,28.319],[48.535,28.299],[48.618,28.217],[48.624,28.205],[48.609,28.186],[48.602,28.167],[48.601,28.148],[48.606,28.126],[48.616,28.111],[48.648,28.072],[48.655,28.062],[48.653,28.05],[48.652,28.046],[48.668,28.038],[48.702,28.024],[48.713,28.023],[48.747,28.024],[48.756,28.022],[48.776,28.012],[48.788,28.01],[48.792,28.007],[48.792,28.001],[48.788,27.994],[48.785,27.989],[48.778,27.987],[48.771,27.987],[48.764,27.989],[48.747,27.982],[48.742,27.975],[48.744,27.961],[48.753,27.948],[48.773,27.93],[48.796,27.914],[48.815,27.907],[48.815,27.902],[48.838,27.872],[48.878,27.837],[48.883,27.827],[48.874,27.807],[48.873,27.794],[48.873,27.782],[48.877,27.777],[48.875,27.77],[48.865,27.754],[48.853,27.737],[48.839,27.729],[48.846,27.74],[48.848,27.749],[48.845,27.773],[48.848,27.787],[48.854,27.795],[48.858,27.804],[48.853,27.818],[48.838,27.804],[48.822,27.767],[48.805,27.756],[48.823,27.8],[48.826,27.811],[48.821,27.83],[48.813,27.829],[48.804,27.815],[48.785,27.745],[48.785,27.729],[48.782,27.726],[48.779,27.72],[48.78,27.714],[48.791,27.715],[48.797,27.72],[48.804,27.736],[48.811,27.743],[48.811,27.698],[48.815,27.688],[48.825,27.689],[48.834,27.697],[48.839,27.708],[48.846,27.697],[48.847,27.684],[48.845,27.667],[48.858,27.663],[48.868,27.668],[48.875,27.677],[48.88,27.688],[48.881,27.67],[48.878,27.664],[48.873,27.66],[48.878,27.651],[48.877,27.644],[48.871,27.641],[48.86,27.64],[48.87,27.619],[48.873,27.612],[48.849,27.623],[48.839,27.623],[48.832,27.612],[48.853,27.605],[48.871,27.606],[48.885,27.615],[48.894,27.633],[48.901,27.633],[48.907,27.619],[48.895,27.608],[48.891,27.588],[48.897,27.572],[48.914,27.572],[48.922,27.579],[48.917,27.586],[48.91,27.593],[48.907,27.599],[48.915,27.609],[48.926,27.614],[48.949,27.619],[48.969,27.62],[48.982,27.615],[49.017,27.585],[49.054,27.568],[49.064,27.556],[49.045,27.544],[49.059,27.538],[49.072,27.539],[49.078,27.547],[49.072,27.558],[49.089,27.551],[49.106,27.547],[49.144,27.544],[49.153,27.546],[49.17,27.556],[49.178,27.558],[49.189,27.557],[49.209,27.552],[49.22,27.55],[49.24,27.545],[49.255,27.532],[49.278,27.503],[49.285,27.498],[49.292,27.494],[49.299,27.49],[49.305,27.482],[49.308,27.475],[49.31,27.457],[49.313,27.449],[49.3,27.448],[49.293,27.453],[49.29,27.462],[49.292,27.475],[49.285,27.475],[49.264,27.453],[49.209,27.458],[49.189,27.441],[49.182,27.441],[49.175,27.458],[49.158,27.458],[49.12,27.441],[49.128,27.437],[49.15,27.431],[49.161,27.427],[49.17,27.421],[49.176,27.416],[49.183,27.411],[49.195,27.406],[49.202,27.399],[49.207,27.395],[49.213,27.397],[49.23,27.412],[49.23,27.414],[49.235,27.418],[49.237,27.424],[49.24,27.427],[49.247,27.424],[49.255,27.418],[49.264,27.414],[49.257,27.4],[49.247,27.393],[49.237,27.388],[49.23,27.38],[49.227,27.369],[49.226,27.343],[49.223,27.331],[49.234,27.334],[49.246,27.339],[49.257,27.347],[49.267,27.355],[49.279,27.359],[49.292,27.355],[49.313,27.345],[49.305,27.326],[49.308,27.306],[49.315,27.287],[49.319,27.266],[49.317,27.224],[49.323,27.206],[49.34,27.208],[49.338,27.19],[49.345,27.183],[49.356,27.185],[49.367,27.194],[49.362,27.209],[49.371,27.219],[49.386,27.22],[49.401,27.208],[49.407,27.215],[49.412,27.204],[49.409,27.194],[49.404,27.183],[49.401,27.17],[49.397,27.163],[49.389,27.159],[49.378,27.159],[49.367,27.161],[49.375,27.149],[49.399,27.145],[49.407,27.133],[49.417,27.138],[49.424,27.146],[49.435,27.167],[49.436,27.162],[49.437,27.162],[49.438,27.162],[49.442,27.161],[49.432,27.143],[49.44,27.14],[49.466,27.147],[49.481,27.144],[49.508,27.134],[49.524,27.133],[49.497,27.159],[49.489,27.175],[49.504,27.188],[49.516,27.188],[49.526,27.183],[49.535,27.176],[49.545,27.174],[49.553,27.177],[49.572,27.194],[49.569,27.178],[49.559,27.154],[49.559,27.14],[49.565,27.117],[49.57,27.104],[49.576,27.099],[49.594,27.091],[49.612,27.072],[49.67,26.991],[49.699,26.958],[49.708,26.952],[49.737,26.941],[49.746,26.934],[49.761,26.921],[49.771,26.914],[49.833,26.888],[49.872,26.862],[49.894,26.86],[49.917,26.861],[49.942,26.858],[49.973,26.842],[50.002,26.817],[50.052,26.756],[50.069,26.729],[50.142,26.681],[50.158,26.665],[50.162,26.639],[50.117,26.675],[50.093,26.689],[50.038,26.695],[50.024,26.7],[50.014,26.711],[50.006,26.748],[49.998,26.741],[49.988,26.724],[49.984,26.708],[49.983,26.696],[49.983,26.684],[49.987,26.673],[49.994,26.663],[50.004,26.654],[50.006,26.649],[50.002,26.587],[50.004,26.571],[50.031,26.495],[50.042,26.478],[50.058,26.464],[50.077,26.454],[50.162,26.427],[50.192,26.404],[50.209,26.37],[50.217,26.324],[50.216,26.215],[50.212,26.191],[50.202,26.171],[50.182,26.16],[50.182,26.175],[50.174,26.181],[50.163,26.177],[50.155,26.166],[50.161,26.141],[50.158,26.102],[50.15,26.063],[50.141,26.036],[50.126,26.046],[50.121,26.061],[50.122,26.076],[50.12,26.091],[50.113,26.103],[50.104,26.111],[50.095,26.118],[50.087,26.125],[50.081,26.129],[50.077,26.129],[50.074,26.132],[50.072,26.159],[50.07,26.166],[50.066,26.174],[50.058,26.184],[50.046,26.195],[50.032,26.201],[50.021,26.198],[49.995,26.152],[49.987,26.146],[49.976,26.14],[49.981,26.126],[49.992,26.113],[49.997,26.108],[50.0,26.101],[50.009,26.086],[50.01,26.077],[50.007,26.074],[50.0,26.072],[49.993,26.068],[49.99,26.06],[49.992,26.046],[49.996,26.032],[49.997,26.017],[49.99,26.002],[50.007,25.997],[50.021,26.004],[50.028,26.019],[50.024,26.036],[50.034,26.033],[50.041,26.028],[50.052,26.015],[50.057,26.013],[50.062,26.014],[50.065,26.013],[50.066,26.006],[50.066,25.999],[50.067,25.996],[50.07,25.995],[50.076,25.995],[50.101,25.989],[50.112,25.976],[50.117,25.958],[50.128,25.94],[50.128,25.934],[50.108,25.915],[50.118,25.868],[50.142,25.816],[50.162,25.783],[50.222,25.717],[50.247,25.679],[50.257,25.632],[50.251,25.632],[50.234,25.68],[50.227,25.687],[50.215,25.69],[50.2,25.696],[50.188,25.704],[50.175,25.72],[50.159,25.732],[50.145,25.733],[50.141,25.714],[50.149,25.7],[50.174,25.683],[50.182,25.673],[50.188,25.683],[50.189,25.687],[50.196,25.687],[50.234,25.615],[50.348,25.482],[50.374,25.461],[50.371,25.475],[50.365,25.49],[50.362,25.503],[50.371,25.508],[50.381,25.513],[50.386,25.511],[50.39,25.489],[50.395,25.483],[50.4,25.48],[50.402,25.478],[50.41,25.464],[50.429,25.456],[50.463,25.447],[50.472,25.437],[50.491,25.392],[50.483,25.385],[50.496,25.37],[50.509,25.344],[50.52,25.315],[50.525,25.293],[50.524,25.28],[50.519,25.258],[50.518,25.245],[50.52,25.232],[50.524,25.223],[50.529,25.216],[50.535,25.199],[50.549,25.175],[50.552,25.159],[50.545,25.119],[50.553,25.078],[50.562,25.055],[50.573,25.043],[50.58,25.062],[50.606,25.043],[50.633,25.011],[50.645,24.995],[50.662,24.98],[50.681,24.914],[50.707,24.899],[50.726,24.882],[50.735,24.843],[50.737,24.782],[50.741,24.771],[50.75,24.753],[50.761,24.736],[50.771,24.727],[50.786,24.727],[50.808,24.747]]],[[[42.186,16.706],[42.186,16.691],[42.183,16.673],[42.177,16.652],[42.179,16.635],[42.188,16.605],[42.178,16.585],[42.179,16.583],[42.156,16.585],[42.128,16.617],[42.105,16.625],[42.084,16.627],[42.073,16.636],[42.101,16.647],[42.118,16.66],[42.111,16.68],[42.086,16.694],[42.06,16.69],[42.031,16.688],[42.011,16.683],[41.992,16.672],[41.976,16.664],[41.955,16.67],[41.933,16.691],[41.917,16.705],[41.894,16.71],[41.867,16.729],[41.843,16.747],[41.831,16.767],[41.825,16.798],[41.808,16.81],[41.79,16.81],[41.778,16.813],[41.781,16.819],[41.78,16.841],[41.765,16.859],[41.756,16.878],[41.757,16.896],[41.772,16.892],[41.777,16.885],[41.789,16.876],[41.828,16.859],[41.849,16.835],[41.86,16.821],[41.864,16.797],[41.863,16.785],[41.881,16.766],[41.898,16.751],[41.905,16.748],[41.941,16.751],[41.953,16.733],[41.973,16.732],[41.994,16.738],[42.011,16.739],[42.023,16.727],[42.023,16.716],[42.035,16.716],[42.065,16.728],[42.036,16.734],[42.022,16.756],[42.034,16.774],[42.041,16.802],[42.048,16.812],[42.062,16.814],[42.069,16.812],[42.077,16.809],[42.104,16.792],[42.105,16.776],[42.118,16.755],[42.117,16.744],[42.141,16.741],[42.148,16.721],[42.186,16.706]]],[[[41.919,16.791],[41.904,16.803],[41.89,16.821],[41.864,16.852],[41.843,16.88],[41.835,16.892],[41.835,16.892],[41.846,16.901],[41.87,16.903],[41.888,16.908],[41.901,16.918],[41.911,16.936],[41.921,16.935],[41.923,16.935],[41.928,16.955],[41.921,16.979],[41.907,16.985],[41.894,16.991],[41.881,16.992],[41.859,16.996],[41.846,16.997],[41.844,17.002],[41.851,17.01],[41.861,17.014],[41.863,17.005],[41.896,17.002],[41.921,16.992],[41.938,16.973],[41.939,16.969],[41.945,16.942],[41.945,16.923],[41.94,16.901],[41.944,16.883],[41.976,16.876],[41.985,16.854],[41.944,16.853],[41.932,16.838],[41.938,16.821],[41.963,16.813],[41.977,16.805],[41.995,16.797],[42.002,16.773],[42.002,16.761],[41.972,16.778],[41.936,16.788],[41.919,16.791]]],[[[49.565,27.352],[49.585,27.344],[49.638,27.331],[49.689,27.318],[49.67,27.311],[49.655,27.315],[49.64,27.321],[49.624,27.324],[49.607,27.322],[49.592,27.317],[49.578,27.308],[49.565,27.298],[49.557,27.305],[49.556,27.305],[49.552,27.304],[49.544,27.309],[49.538,27.311],[49.538,27.311],[49.538,27.318],[49.551,27.323],[49.554,27.328],[49.55,27.334],[49.546,27.338],[49.542,27.342],[49.531,27.346],[49.52,27.345],[49.51,27.341],[49.5,27.339],[49.488,27.334],[49.475,27.322],[49.464,27.307],[49.456,27.29],[49.454,27.316],[49.472,27.342],[49.501,27.361],[49.531,27.365],[49.542,27.364],[49.551,27.36],[49.565,27.352]]],[[[37.027,25.42],[37.037,25.412],[37.042,25.407],[37.04,25.406],[37.036,25.408],[37.028,25.409],[37.027,25.405],[37.031,25.399],[37.023,25.4],[37.004,25.412],[36.999,25.422],[37.0,25.429],[36.991,25.43],[36.978,25.427],[36.971,25.435],[36.967,25.449],[36.958,25.449],[36.947,25.442],[36.944,25.449],[36.952,25.468],[36.961,25.478],[36.974,25.478],[36.987,25.476],[36.999,25.469],[37.009,25.45],[37.015,25.451],[37.018,25.458],[37.022,25.453],[37.027,25.42]]],[[[36.942,25.418],[36.958,25.419],[36.961,25.414],[36.943,25.406],[36.935,25.4],[36.925,25.389],[36.915,25.371],[36.9,25.361],[36.879,25.374],[36.86,25.393],[36.841,25.406],[36.801,25.445],[36.799,25.447],[36.795,25.453],[36.795,25.457],[36.797,25.457],[36.799,25.459],[36.797,25.465],[36.788,25.474],[36.776,25.489],[36.777,25.496],[36.787,25.494],[36.797,25.487],[36.815,25.466],[36.824,25.46],[36.842,25.451],[36.877,25.437],[36.894,25.433],[36.906,25.432],[36.916,25.427],[36.92,25.42],[36.899,25.419],[36.896,25.406],[36.904,25.394],[36.916,25.397],[36.928,25.409],[36.942,25.418]]],[[[36.849,25.533],[36.84,25.536],[36.827,25.547],[36.829,25.561],[36.841,25.57],[36.856,25.568],[36.867,25.558],[36.866,25.546],[36.855,25.537],[36.849,25.533]]],[[[36.79,25.498],[36.781,25.504],[36.776,25.506],[36.771,25.507],[36.766,25.514],[36.765,25.524],[36.757,25.527],[36.743,25.529],[36.74,25.533],[36.744,25.531],[36.743,25.536],[36.734,25.547],[36.719,25.556],[36.701,25.555],[36.693,25.55],[36.689,25.546],[36.681,25.544],[36.681,25.553],[36.691,25.567],[36.707,25.571],[36.726,25.565],[36.775,25.535],[36.781,25.528],[36.786,25.516],[36.801,25.508],[36.817,25.502],[36.839,25.49],[36.875,25.463],[36.883,25.454],[36.882,25.451],[36.878,25.448],[36.879,25.443],[36.874,25.446],[36.858,25.457],[36.845,25.464],[36.835,25.467],[36.831,25.473],[36.825,25.484],[36.816,25.488],[36.81,25.486],[36.801,25.488],[36.79,25.498]]],[[[36.901,25.549],[36.899,25.578],[36.898,25.584],[36.898,25.595],[36.905,25.603],[36.914,25.607],[36.923,25.603],[36.928,25.593],[36.928,25.584],[36.926,25.577],[36.921,25.576],[36.915,25.581],[36.914,25.579],[36.917,25.571],[36.916,25.568],[36.914,25.569],[36.92,25.555],[36.928,25.529],[36.923,25.519],[36.912,25.535],[36.905,25.539],[36.901,25.549]]],[[[36.683,25.572],[36.682,25.566],[36.676,25.555],[36.668,25.55],[36.661,25.553],[36.648,25.561],[36.568,25.598],[36.546,25.603],[36.539,25.589],[36.529,25.594],[36.511,25.61],[36.498,25.624],[36.491,25.645],[36.5,25.663],[36.524,25.686],[36.535,25.698],[36.544,25.703],[36.545,25.696],[36.539,25.685],[36.523,25.662],[36.524,25.653],[36.531,25.645],[36.538,25.64],[36.544,25.64],[36.549,25.638],[36.554,25.631],[36.562,25.627],[36.57,25.624],[36.596,25.6],[36.609,25.592],[36.623,25.591],[36.631,25.592],[36.634,25.59],[36.635,25.583],[36.638,25.575],[36.647,25.571],[36.656,25.572],[36.657,25.573],[36.654,25.574],[36.655,25.578],[36.659,25.582],[36.668,25.581],[36.683,25.572]]],[[[36.544,25.731],[36.543,25.739],[36.54,25.76],[36.542,25.802],[36.558,25.836],[36.584,25.858],[36.591,25.861],[36.577,25.849],[36.567,25.833],[36.558,25.816],[36.555,25.796],[36.564,25.779],[36.583,25.762],[36.591,25.759],[36.598,25.758],[36.597,25.752],[36.589,25.739],[36.585,25.725],[36.587,25.72],[36.588,25.714],[36.596,25.709],[36.608,25.711],[36.611,25.709],[36.606,25.701],[36.596,25.697],[36.583,25.699],[36.563,25.713],[36.552,25.72],[36.544,25.731]]]]}},{"type":"Feature","properties":{"name":"Kuwait"},"geometry":{"type":"MultiPolygon","coordinates":[[[[47.948,29.994],[47.955,29.977],[47.966,29.962],[47.975,29.943],[47.98,29.921],[47.98,29.884],[47.983,29.861],[47.996,29.828],[48.022,29.78],[48.052,29.743],[48.079,29.744],[48.096,29.699],[48.119,29.655],[48.161,29.602],[48.181,29.562],[48.177,29.542],[48.155,29.539],[48.114,29.555],[48.093,29.566],[48.086,29.575],[48.066,29.578],[48.042,29.582],[48.024,29.585],[47.966,29.576],[47.936,29.554],[47.911,29.532],[47.849,29.502],[47.807,29.468],[47.785,29.437],[47.764,29.413],[47.718,29.394],[47.714,29.378],[47.705,29.364],[47.727,29.362],[47.764,29.368],[47.792,29.372],[47.814,29.38],[47.837,29.388],[47.851,29.38],[47.823,29.363],[47.823,29.351],[47.816,29.338],[47.841,29.323],[47.858,29.323],[47.877,29.329],[47.899,29.335],[47.905,29.359],[47.92,29.365],[47.939,29.359],[47.959,29.372],[47.97,29.387],[47.986,29.394],[47.993,29.388],[48.008,29.369],[48.011,29.367],[48.025,29.355],[48.035,29.352],[48.063,29.343],[48.1,29.35],[48.093,29.306],[48.092,29.287],[48.095,29.258],[48.106,29.214],[48.115,29.193],[48.128,29.174],[48.134,29.154],[48.158,29.017],[48.176,28.984],[48.226,28.918],[48.241,28.906],[48.279,28.894],[48.282,28.879],[48.278,28.86],[48.277,28.84],[48.285,28.82],[48.313,28.786],[48.318,28.774],[48.329,28.76],[48.352,28.751],[48.394,28.743],[48.384,28.728],[48.38,28.71],[48.381,28.692],[48.387,28.675],[48.372,28.684],[48.366,28.689],[48.365,28.681],[48.366,28.676],[48.37,28.672],[48.38,28.668],[48.372,28.659],[48.368,28.657],[48.364,28.658],[48.36,28.661],[48.353,28.661],[48.352,28.641],[48.361,28.636],[48.375,28.642],[48.387,28.654],[48.389,28.644],[48.394,28.596],[48.397,28.583],[48.405,28.57],[48.421,28.552],[48.432,28.541],[48.433,28.54],[48.255,28.539],[48.077,28.537],[47.9,28.536],[47.722,28.534],[47.668,28.534],[47.66,28.56],[47.641,28.577],[47.618,28.591],[47.597,28.609],[47.582,28.631],[47.568,28.661],[47.558,28.691],[47.555,28.745],[47.55,28.771],[47.494,28.904],[47.446,28.976],[47.434,28.995],[47.434,28.995],[47.433,28.995],[47.433,28.995],[47.378,29.001],[47.278,29.013],[47.178,29.024],[47.079,29.036],[46.979,29.047],[46.867,29.059],[46.756,29.072],[46.644,29.084],[46.532,29.096],[46.561,29.124],[46.712,29.271],[46.774,29.364],[46.839,29.425],[46.853,29.445],[46.883,29.513],[46.958,29.62],[46.977,29.658],[46.98,29.668],[46.984,29.698],[46.989,29.713],[47.025,29.772],[47.11,29.961],[47.145,30.003],[47.197,30.034],[47.358,30.092],[47.416,30.098],[47.674,30.098],[47.731,30.089],[47.948,29.994]]],[[[48.338,29.463],[48.354,29.457],[48.362,29.452],[48.373,29.443],[48.381,29.434],[48.389,29.425],[48.399,29.398],[48.397,29.387],[48.383,29.392],[48.373,29.394],[48.363,29.399],[48.336,29.421],[48.317,29.427],[48.29,29.431],[48.269,29.43],[48.27,29.456],[48.27,29.456],[48.281,29.471],[48.299,29.473],[48.338,29.463]]],[[[48.353,29.71],[48.334,29.679],[48.303,29.645],[48.266,29.616],[48.229,29.6],[48.222,29.601],[48.186,29.604],[48.162,29.63],[48.127,29.702],[48.085,29.768],[48.079,29.774],[48.074,29.78],[48.054,29.79],[48.046,29.8],[48.065,29.812],[48.077,29.818],[48.098,29.831],[48.11,29.833],[48.113,29.839],[48.119,29.874],[48.103,29.879],[48.095,29.88],[48.085,29.88],[48.085,29.88],[48.095,29.895],[48.109,29.894],[48.134,29.88],[48.145,29.878],[48.159,29.879],[48.167,29.886],[48.161,29.902],[48.179,29.909],[48.194,29.916],[48.197,29.925],[48.181,29.935],[48.181,29.935],[48.17,29.936],[48.157,29.931],[48.147,29.935],[48.143,29.942],[48.14,29.952],[48.139,29.963],[48.14,29.97],[48.14,29.97],[48.123,29.97],[48.12,29.971],[48.117,29.974],[48.121,29.981],[48.134,29.99],[48.148,29.995],[48.162,29.996],[48.176,29.992],[48.189,29.984],[48.344,29.791],[48.36,29.754],[48.353,29.71]]],[[[48.079,30.004],[48.072,29.999],[48.063,29.987],[48.058,29.984],[48.031,29.971],[48.024,29.97],[48.016,29.974],[48.011,29.98],[48.009,29.987],[48.023,29.995],[48.044,30.019],[48.055,30.024],[48.094,30.029],[48.094,30.029],[48.109,30.028],[48.106,30.018],[48.079,30.004]]]]}},{"type":"Feature","properties":{"name":"Jordan"},"geometry":{"type":"MultiPolygon","coordinates":[[[[35.612,32.682],[35.612,32.682],[35.636,32.679],[35.64,32.681],[35.652,32.686],[35.685,32.711],[35.74,32.741],[35.757,32.744],[35.758,32.744],[35.764,32.747],[35.77,32.748],[35.775,32.747],[35.779,32.745],[35.779,32.744],[35.788,32.734],[35.896,32.713],[35.905,32.709],[35.922,32.694],[35.927,32.692],[35.94,32.693],[35.944,32.691],[35.946,32.684],[35.944,32.678],[35.941,32.674],[35.937,32.674],[35.947,32.664],[35.955,32.657],[35.966,32.654],[35.98,32.657],[36.004,32.655],[36.008,32.644],[36.005,32.627],[36.006,32.608],[36.015,32.591],[36.06,32.533],[36.066,32.522],[36.066,32.517],[36.07,32.517],[36.082,32.516],[36.096,32.516],[36.133,32.52],[36.14,32.52],[36.15,32.516],[36.156,32.515],[36.161,32.517],[36.172,32.526],[36.177,32.527],[36.188,32.522],[36.221,32.495],[36.285,32.457],[36.373,32.386],[36.388,32.379],[36.408,32.374],[36.464,32.369],[36.48,32.361],[36.517,32.357],[36.654,32.343],[36.69,32.32],[36.707,32.328],[36.729,32.328],[36.793,32.314],[36.807,32.313],[36.819,32.317],[36.98,32.41],[37.133,32.495],[37.133,32.495],[37.244,32.554],[37.415,32.647],[37.495,32.69],[37.587,32.74],[37.758,32.833],[37.929,32.925],[38.057,32.994],[38.231,33.086],[38.316,33.131],[38.53,33.244],[38.775,33.372],[38.821,33.229],[38.863,33.101],[38.897,32.994],[38.943,32.852],[38.99,32.706],[39.057,32.497],[38.98,32.476],[38.979,32.476],[38.978,32.475],[38.979,32.474],[38.98,32.472],[39.029,32.328],[39.036,32.313],[39.046,32.308],[39.236,32.353],[39.256,32.343],[39.271,32.312],[39.292,32.245],[39.266,32.213],[39.146,32.126],[39.146,32.118],[39.136,32.115],[39.117,32.103],[38.998,32.007],[38.963,31.994],[38.963,31.994],[38.963,31.994],[38.85,31.966],[38.625,31.911],[38.4,31.855],[38.175,31.8],[37.987,31.753],[37.95,31.744],[37.761,31.696],[37.703,31.681],[37.455,31.618],[37.207,31.554],[36.998,31.501],[36.96,31.491],[37.09,31.37],[37.22,31.249],[37.222,31.247],[37.35,31.128],[37.48,31.007],[37.483,31.004],[37.486,31.001],[37.489,30.998],[37.493,30.994],[37.602,30.883],[37.712,30.772],[37.822,30.661],[37.932,30.55],[37.981,30.499],[37.981,30.499],[37.981,30.498],[37.98,30.498],[37.973,30.495],[37.9,30.459],[37.779,30.4],[37.671,30.348],[37.648,30.331],[37.635,30.313],[37.605,30.251],[37.569,30.175],[37.536,30.105],[37.492,30.011],[37.47,29.995],[37.352,29.973],[37.219,29.949],[37.076,29.923],[36.932,29.897],[36.843,29.881],[36.756,29.866],[36.729,29.854],[36.705,29.831],[36.65,29.749],[36.604,29.681],[36.541,29.589],[36.477,29.495],[36.4,29.439],[36.284,29.355],[36.178,29.278],[36.069,29.2],[36.044,29.191],[36.016,29.19],[35.912,29.206],[35.797,29.223],[35.74,29.232],[35.622,29.25],[35.474,29.272],[35.335,29.293],[35.179,29.317],[35.06,29.335],[34.949,29.352],[34.962,29.36],[34.969,29.451],[34.976,29.477],[34.998,29.518],[34.997,29.534],[34.976,29.552],[34.962,29.552],[34.962,29.555],[34.962,29.558],[34.96,29.56],[34.956,29.559],[34.96,29.586],[34.967,29.608],[34.98,29.627],[34.99,29.652],[34.995,29.708],[35.003,29.733],[35.049,29.842],[35.053,29.863],[35.054,29.923],[35.061,29.957],[35.065,29.966],[35.07,29.974],[35.074,29.983],[35.075,29.995],[35.086,30.034],[35.129,30.09],[35.145,30.123],[35.145,30.155],[35.125,30.216],[35.125,30.245],[35.132,30.262],[35.142,30.314],[35.148,30.326],[35.154,30.337],[35.16,30.348],[35.162,30.361],[35.159,30.376],[35.145,30.396],[35.14,30.406],[35.14,30.43],[35.157,30.471],[35.162,30.495],[35.205,30.617],[35.264,30.72],[35.264,30.72],[35.272,30.744],[35.276,30.769],[35.28,30.78],[35.286,30.792],[35.294,30.8],[35.311,30.813],[35.317,30.823],[35.32,30.845],[35.32,30.867],[35.322,30.89],[35.335,30.913],[35.347,30.923],[35.374,30.945],[35.385,30.963],[35.385,30.995],[35.392,31.024],[35.438,31.104],[35.443,31.132],[35.436,31.16],[35.421,31.185],[35.411,31.205],[35.401,31.23],[35.396,31.258],[35.408,31.282],[35.422,31.303],[35.424,31.325],[35.416,31.332],[35.435,31.361],[35.453,31.401],[35.457,31.424],[35.457,31.434],[35.459,31.492],[35.458,31.492],[35.459,31.492],[35.459,31.492],[35.459,31.493],[35.459,31.494],[35.464,31.569],[35.48,31.641],[35.502,31.685],[35.528,31.735],[35.559,31.765],[35.538,31.819],[35.538,31.827],[35.549,31.839],[35.525,31.919],[35.527,31.927],[35.534,31.93],[35.541,31.932],[35.545,31.937],[35.546,31.945],[35.54,31.956],[35.538,31.964],[35.538,31.978],[35.536,31.988],[35.525,32.012],[35.523,32.058],[35.528,32.075],[35.545,32.087],[35.535,32.099],[35.535,32.111],[35.552,32.135],[35.547,32.142],[35.547,32.147],[35.551,32.152],[35.559,32.155],[35.559,32.163],[35.555,32.174],[35.56,32.19],[35.573,32.238],[35.559,32.238],[35.561,32.243],[35.564,32.247],[35.568,32.25],[35.573,32.252],[35.565,32.264],[35.561,32.283],[35.561,32.302],[35.566,32.313],[35.557,32.328],[35.557,32.358],[35.552,32.368],[35.552,32.375],[35.559,32.375],[35.559,32.368],[35.566,32.368],[35.564,32.377],[35.561,32.385],[35.557,32.391],[35.552,32.395],[35.55,32.399],[35.545,32.41],[35.555,32.411],[35.559,32.414],[35.558,32.418],[35.552,32.423],[35.552,32.429],[35.559,32.429],[35.558,32.434],[35.556,32.435],[35.554,32.434],[35.552,32.436],[35.566,32.444],[35.559,32.451],[35.566,32.453],[35.573,32.457],[35.573,32.464],[35.568,32.465],[35.565,32.466],[35.563,32.468],[35.559,32.47],[35.561,32.477],[35.565,32.484],[35.571,32.489],[35.58,32.491],[35.58,32.498],[35.571,32.506],[35.569,32.51],[35.561,32.519],[35.557,32.519],[35.552,32.519],[35.552,32.526],[35.566,32.526],[35.563,32.532],[35.559,32.553],[35.566,32.546],[35.57,32.557],[35.573,32.56],[35.574,32.557],[35.574,32.554],[35.576,32.555],[35.58,32.56],[35.574,32.573],[35.571,32.599],[35.566,32.608],[35.566,32.615],[35.573,32.615],[35.573,32.621],[35.564,32.625],[35.56,32.633],[35.561,32.641],[35.563,32.644],[35.57,32.647],[35.579,32.653],[35.594,32.67],[35.612,32.682],[35.612,32.682]]]]}},{"type":"Feature","properties":{"name":"Egypt"},"geometry":{"type":"MultiPolygon","coordinates":[[[[34.248,31.211],[34.259,31.184],[34.298,31.079],[34.33,30.994],[34.368,30.907],[34.419,30.791],[34.48,30.651],[34.502,30.572],[34.504,30.53],[34.51,30.513],[34.526,30.495],[34.536,30.482],[34.536,30.469],[34.527,30.439],[34.525,30.421],[34.527,30.41],[34.534,30.4],[34.588,30.359],[34.599,30.345],[34.633,30.262],[34.692,30.115],[34.73,30.018],[34.733,30.013],[34.735,30.007],[34.736,30.001],[34.735,29.995],[34.741,29.94],[34.785,29.836],[34.824,29.742],[34.85,29.639],[34.848,29.57],[34.855,29.546],[34.878,29.504],[34.887,29.49],[34.875,29.485],[34.867,29.479],[34.86,29.472],[34.853,29.463],[34.847,29.451],[34.844,29.441],[34.838,29.433],[34.825,29.429],[34.829,29.428],[34.832,29.428],[34.833,29.426],[34.833,29.421],[34.824,29.417],[34.818,29.412],[34.815,29.406],[34.819,29.401],[34.81,29.399],[34.805,29.396],[34.806,29.393],[34.812,29.388],[34.801,29.378],[34.778,29.346],[34.773,29.342],[34.762,29.337],[34.757,29.333],[34.753,29.327],[34.75,29.321],[34.745,29.316],[34.737,29.311],[34.737,29.305],[34.745,29.291],[34.742,29.277],[34.734,29.263],[34.729,29.25],[34.729,29.199],[34.724,29.187],[34.712,29.177],[34.7,29.17],[34.695,29.164],[34.694,29.15],[34.69,29.134],[34.684,29.119],[34.675,29.107],[34.677,29.095],[34.675,29.034],[34.677,29.025],[34.687,29.012],[34.689,29.0],[34.686,28.989],[34.678,28.983],[34.669,28.98],[34.647,28.967],[34.643,28.962],[34.64,28.949],[34.641,28.943],[34.646,28.922],[34.647,28.863],[34.62,28.846],[34.62,28.84],[34.623,28.831],[34.626,28.817],[34.626,28.802],[34.62,28.791],[34.624,28.787],[34.627,28.783],[34.633,28.771],[34.624,28.765],[34.623,28.76],[34.625,28.754],[34.627,28.746],[34.625,28.736],[34.62,28.729],[34.615,28.724],[34.613,28.719],[34.608,28.701],[34.584,28.672],[34.57,28.626],[34.53,28.573],[34.517,28.544],[34.516,28.541],[34.516,28.539],[34.515,28.537],[34.511,28.538],[34.524,28.507],[34.512,28.488],[34.489,28.473],[34.469,28.455],[34.472,28.453],[34.473,28.453],[34.475,28.448],[34.462,28.442],[34.454,28.429],[34.445,28.384],[34.441,28.373],[34.429,28.357],[34.427,28.356],[34.424,28.345],[34.41,28.32],[34.407,28.308],[34.408,28.291],[34.411,28.278],[34.415,28.267],[34.421,28.256],[34.421,28.25],[34.413,28.233],[34.421,28.218],[34.434,28.204],[34.443,28.188],[34.452,28.18],[34.455,28.175],[34.455,28.167],[34.453,28.163],[34.45,28.16],[34.449,28.157],[34.448,28.145],[34.439,28.11],[34.427,28.082],[34.444,28.054],[34.427,27.983],[34.435,27.976],[34.409,27.972],[34.401,27.969],[34.397,27.963],[34.394,27.954],[34.39,27.945],[34.377,27.938],[34.371,27.924],[34.363,27.92],[34.355,27.92],[34.341,27.915],[34.331,27.914],[34.333,27.91],[34.334,27.909],[34.334,27.909],[34.339,27.907],[34.331,27.892],[34.321,27.861],[34.311,27.852],[34.304,27.852],[34.301,27.857],[34.293,27.86],[34.286,27.864],[34.279,27.858],[34.273,27.836],[34.264,27.825],[34.272,27.812],[34.259,27.802],[34.24,27.794],[34.226,27.791],[34.217,27.792],[34.214,27.791],[34.218,27.776],[34.221,27.77],[34.257,27.77],[34.257,27.763],[34.25,27.763],[34.25,27.756],[34.255,27.752],[34.258,27.748],[34.264,27.736],[34.254,27.74],[34.25,27.743],[34.251,27.739],[34.251,27.737],[34.252,27.736],[34.257,27.736],[34.257,27.729],[34.25,27.729],[34.245,27.737],[34.228,27.758],[34.209,27.776],[34.2,27.782],[34.19,27.787],[34.175,27.791],[34.078,27.801],[34.054,27.815],[33.988,27.887],[33.982,27.89],[33.974,27.889],[33.917,27.936],[33.904,27.942],[33.891,27.943],[33.879,27.935],[33.866,27.961],[33.859,27.955],[33.85,27.965],[33.815,27.991],[33.807,27.995],[33.804,27.996],[33.8,28.0],[33.797,28.009],[33.794,28.013],[33.787,28.018],[33.779,28.021],[33.763,28.024],[33.764,28.049],[33.716,28.075],[33.716,28.093],[33.701,28.104],[33.684,28.124],[33.673,28.146],[33.675,28.161],[33.67,28.164],[33.666,28.166],[33.662,28.169],[33.66,28.175],[33.654,28.175],[33.654,28.167],[33.647,28.167],[33.644,28.172],[33.635,28.181],[33.633,28.184],[33.618,28.233],[33.613,28.241],[33.606,28.236],[33.598,28.25],[33.574,28.281],[33.565,28.297],[33.434,28.366],[33.428,28.377],[33.423,28.378],[33.4,28.414],[33.381,28.43],[33.369,28.442],[33.369,28.448],[33.305,28.49],[33.295,28.499],[33.29,28.507],[33.287,28.515],[33.279,28.528],[33.268,28.539],[33.256,28.544],[33.262,28.552],[33.262,28.544],[33.27,28.544],[33.263,28.577],[33.246,28.579],[33.238,28.566],[33.256,28.552],[33.239,28.557],[33.229,28.569],[33.223,28.588],[33.219,28.628],[33.213,28.645],[33.195,28.675],[33.205,28.695],[33.218,28.741],[33.228,28.764],[33.216,28.777],[33.21,28.785],[33.205,28.805],[33.198,28.81],[33.189,28.813],[33.181,28.819],[33.175,28.837],[33.171,28.881],[33.167,28.894],[33.167,28.9],[33.176,28.91],[33.178,28.918],[33.174,28.941],[33.172,28.947],[33.168,28.961],[33.166,28.976],[33.171,28.983],[33.178,28.99],[33.171,29.003],[33.159,29.014],[33.153,29.013],[33.151,29.024],[33.145,29.032],[33.136,29.035],[33.126,29.031],[33.116,29.043],[33.089,29.056],[33.079,29.065],[33.066,29.09],[33.064,29.096],[33.061,29.101],[33.047,29.112],[33.043,29.116],[33.04,29.118],[33.023,29.141],[33.02,29.142],[33.012,29.146],[33.009,29.147],[33.007,29.15],[33.005,29.158],[33.003,29.161],[32.958,29.202],[32.942,29.207],[32.92,29.218],[32.899,29.231],[32.886,29.243],[32.88,29.259],[32.875,29.279],[32.868,29.297],[32.855,29.305],[32.846,29.308],[32.839,29.316],[32.819,29.359],[32.817,29.36],[32.821,29.397],[32.817,29.414],[32.79,29.425],[32.742,29.456],[32.749,29.456],[32.745,29.463],[32.741,29.467],[32.736,29.468],[32.729,29.47],[32.731,29.472],[32.734,29.474],[32.735,29.477],[32.735,29.484],[32.729,29.484],[32.724,29.475],[32.721,29.467],[32.723,29.461],[32.729,29.456],[32.715,29.456],[32.723,29.493],[32.724,29.54],[32.712,29.58],[32.681,29.6],[32.681,29.606],[32.687,29.618],[32.686,29.632],[32.682,29.647],[32.681,29.661],[32.683,29.676],[32.692,29.697],[32.694,29.706],[32.693,29.723],[32.691,29.734],[32.687,29.742],[32.681,29.751],[32.656,29.777],[32.653,29.788],[32.648,29.795],[32.625,29.815],[32.605,29.824],[32.61,29.834],[32.62,29.843],[32.625,29.846],[32.625,29.874],[32.612,29.894],[32.572,29.929],[32.58,29.934],[32.584,29.939],[32.584,29.943],[32.578,29.949],[32.584,29.951],[32.585,29.952],[32.584,29.954],[32.578,29.956],[32.574,29.962],[32.569,29.968],[32.563,29.972],[32.562,29.976],[32.563,29.979],[32.566,29.981],[32.57,29.983],[32.578,29.984],[32.578,29.99],[32.575,29.997],[32.575,30.003],[32.578,30.011],[32.572,30.011],[32.559,29.987],[32.557,29.976],[32.56,29.969],[32.566,29.963],[32.57,29.956],[32.572,29.943],[32.564,29.943],[32.562,29.955],[32.554,29.962],[32.543,29.963],[32.53,29.956],[32.513,29.962],[32.494,29.951],[32.477,29.932],[32.468,29.915],[32.467,29.897],[32.473,29.882],[32.487,29.872],[32.51,29.867],[32.492,29.854],[32.408,29.752],[32.403,29.744],[32.393,29.734],[32.364,29.688],[32.358,29.672],[32.357,29.631],[32.352,29.614],[32.338,29.6],[32.338,29.592],[32.348,29.585],[32.36,29.571],[32.369,29.557],[32.377,29.536],[32.388,29.526],[32.439,29.497],[32.451,29.487],[32.497,29.44],[32.529,29.424],[32.557,29.398],[32.581,29.369],[32.591,29.35],[32.595,29.325],[32.605,29.292],[32.619,29.261],[32.632,29.243],[32.632,29.237],[32.629,29.219],[32.656,29.121],[32.659,29.111],[32.66,29.089],[32.654,29.081],[32.644,29.073],[32.639,29.061],[32.628,29.057],[32.625,29.048],[32.632,29.038],[32.627,29.008],[32.625,28.973],[32.632,28.962],[32.663,28.934],[32.673,28.922],[32.677,28.911],[32.677,28.891],[32.681,28.881],[32.703,28.859],[32.708,28.856],[32.749,28.805],[32.785,28.799],[32.807,28.778],[32.821,28.748],[32.865,28.6],[32.869,28.579],[32.88,28.575],[32.927,28.552],[32.951,28.531],[32.964,28.518],[32.973,28.5],[32.983,28.497],[32.994,28.494],[33.003,28.489],[33.006,28.483],[33.013,28.463],[33.042,28.414],[33.051,28.407],[33.051,28.403],[33.05,28.401],[33.047,28.401],[33.043,28.401],[33.088,28.369],[33.107,28.347],[33.105,28.326],[33.113,28.32],[33.12,28.309],[33.125,28.296],[33.126,28.288],[33.131,28.284],[33.153,28.256],[33.201,28.211],[33.212,28.19],[33.222,28.185],[33.234,28.18],[33.242,28.175],[33.247,28.162],[33.246,28.15],[33.249,28.143],[33.266,28.14],[33.283,28.132],[33.316,28.096],[33.338,28.085],[33.337,28.079],[33.338,28.071],[33.338,28.065],[33.336,28.057],[33.344,28.051],[33.355,28.048],[33.366,28.051],[33.375,28.036],[33.397,28.027],[33.442,28.017],[33.513,27.959],[33.535,27.916],[33.547,27.907],[33.554,27.896],[33.576,27.85],[33.578,27.838],[33.578,27.832],[33.583,27.825],[33.587,27.805],[33.592,27.797],[33.592,27.791],[33.585,27.791],[33.572,27.791],[33.56,27.813],[33.536,27.826],[33.51,27.835],[33.489,27.846],[33.482,27.846],[33.476,27.832],[33.473,27.823],[33.475,27.816],[33.482,27.805],[33.501,27.788],[33.512,27.775],[33.516,27.76],[33.523,27.752],[33.537,27.756],[33.551,27.762],[33.558,27.76],[33.556,27.746],[33.553,27.732],[33.546,27.718],[33.537,27.708],[33.541,27.705],[33.546,27.698],[33.55,27.695],[33.569,27.683],[33.575,27.681],[33.578,27.677],[33.588,27.659],[33.592,27.653],[33.592,27.647],[33.582,27.654],[33.558,27.681],[33.55,27.681],[33.55,27.674],[33.554,27.669],[33.558,27.66],[33.55,27.66],[33.544,27.679],[33.527,27.678],[33.507,27.664],[33.496,27.647],[33.52,27.636],[33.536,27.616],[33.565,27.572],[33.561,27.565],[33.558,27.557],[33.557,27.548],[33.558,27.537],[33.574,27.526],[33.618,27.508],[33.633,27.496],[33.636,27.487],[33.637,27.465],[33.64,27.455],[33.647,27.446],[33.664,27.43],[33.671,27.42],[33.678,27.4],[33.685,27.356],[33.692,27.342],[33.725,27.314],[33.763,27.29],[33.806,27.272],[33.825,27.26],[33.838,27.243],[33.841,27.232],[33.838,27.194],[33.836,27.191],[33.827,27.184],[33.825,27.18],[33.825,27.175],[33.83,27.166],[33.832,27.16],[33.833,27.138],[33.837,27.121],[33.847,27.107],[33.866,27.095],[33.883,27.081],[33.901,27.059],[33.909,27.042],[33.894,27.044],[33.894,27.028],[33.901,27.014],[33.921,26.989],[33.929,26.974],[33.942,26.945],[33.952,26.931],[33.964,26.922],[33.979,26.915],[33.991,26.907],[33.996,26.897],[34.003,26.865],[34.004,26.849],[33.996,26.838],[33.98,26.837],[33.969,26.846],[33.96,26.85],[33.948,26.831],[33.946,26.818],[33.946,26.8],[33.948,26.782],[33.952,26.769],[33.952,26.743],[33.932,26.683],[33.941,26.654],[33.955,26.643],[33.988,26.634],[34.004,26.626],[34.014,26.612],[34.024,26.581],[34.056,26.542],[34.071,26.515],[34.105,26.427],[34.12,26.4],[34.14,26.372],[34.153,26.347],[34.178,26.315],[34.262,26.139],[34.301,26.088],[34.339,26.002],[34.417,25.903],[34.425,25.89],[34.435,25.862],[34.502,25.772],[34.538,25.736],[34.547,25.725],[34.633,25.569],[34.647,25.522],[34.671,25.48],[34.682,25.429],[34.7,25.401],[34.743,25.351],[34.749,25.339],[34.759,25.31],[34.765,25.296],[34.795,25.254],[34.807,25.212],[34.853,25.139],[34.939,25.003],[34.943,24.971],[34.954,24.944],[34.97,24.926],[34.99,24.905],[34.993,24.887],[34.994,24.849],[34.997,24.831],[35.002,24.816],[35.01,24.804],[35.022,24.795],[35.038,24.786],[35.063,24.764],[35.081,24.735],[35.104,24.657],[35.11,24.644],[35.127,24.618],[35.146,24.586],[35.16,24.575],[35.161,24.558],[35.144,24.528],[35.145,24.5],[35.186,24.486],[35.235,24.4],[35.371,24.306],[35.392,24.283],[35.429,24.186],[35.456,24.159],[35.494,24.109],[35.511,24.111],[35.503,24.125],[35.494,24.139],[35.504,24.141],[35.524,24.121],[35.552,24.11],[35.588,24.076],[35.603,24.048],[35.605,24.019],[35.636,24.002],[35.667,24.007],[35.691,24.001],[35.717,23.993],[35.739,23.983],[35.754,23.969],[35.775,23.924],[35.793,23.902],[35.786,23.893],[35.771,23.912],[35.75,23.932],[35.736,23.933],[35.7,23.918],[35.685,23.911],[35.664,23.919],[35.646,23.926],[35.627,23.929],[35.614,23.927],[35.599,23.929],[35.58,23.936],[35.573,23.945],[35.562,23.957],[35.551,23.96],[35.551,23.965],[35.535,23.972],[35.514,23.977],[35.505,23.971],[35.491,23.948],[35.484,23.918],[35.491,23.87],[35.481,23.828],[35.475,23.798],[35.483,23.772],[35.502,23.769],[35.51,23.756],[35.509,23.742],[35.506,23.735],[35.508,23.718],[35.509,23.706],[35.51,23.684],[35.506,23.642],[35.504,23.556],[35.501,23.54],[35.492,23.512],[35.489,23.497],[35.493,23.482],[35.503,23.467],[35.524,23.439],[35.541,23.41],[35.548,23.394],[35.551,23.378],[35.55,23.33],[35.558,23.282],[35.567,23.245],[35.575,23.213],[35.621,23.139],[35.429,22.978],[35.212,22.786],[35.346,22.902],[35.487,23.023],[35.621,23.139],[35.635,23.111],[35.655,23.074],[35.668,22.983],[35.675,22.967],[35.695,22.932],[35.737,22.884],[35.764,22.87],[35.752,22.886],[35.723,22.932],[35.743,22.931],[35.756,22.922],[35.764,22.908],[35.771,22.89],[35.782,22.841],[35.785,22.833],[35.801,22.823],[35.81,22.811],[35.817,22.799],[35.83,22.785],[35.848,22.763],[35.886,22.736],[35.922,22.722],[35.94,22.717],[35.943,22.713],[35.956,22.704],[35.969,22.698],[35.984,22.694],[36.04,22.69],[36.121,22.676],[36.198,22.652],[36.226,22.635],[36.275,22.592],[36.291,22.568],[36.296,22.522],[36.313,22.492],[36.343,22.467],[36.375,22.445],[36.39,22.439],[36.405,22.433],[36.402,22.449],[36.407,22.449],[36.428,22.426],[36.423,22.398],[36.44,22.356],[36.508,22.328],[36.541,22.31],[36.563,22.297],[36.623,22.25],[36.714,22.169],[36.733,22.16],[36.748,22.161],[36.751,22.167],[36.753,22.173],[36.757,22.177],[36.765,22.175],[36.782,22.164],[36.79,22.158],[36.796,22.151],[36.809,22.121],[36.818,22.109],[36.833,22.096],[36.872,22.074],[36.895,22.066],[36.899,22.03],[36.898,22.017],[36.892,22.007],[36.884,21.997],[36.884,21.996],[36.65,21.996],[36.417,21.996],[36.185,21.996],[35.952,21.996],[35.719,21.996],[35.486,21.996],[35.254,21.996],[35.021,21.996],[34.789,21.996],[34.556,21.996],[34.323,21.995],[34.09,21.995],[34.084,21.995],[34.076,21.995],[33.858,21.995],[33.625,21.995],[33.392,21.995],[33.181,21.995],[33.16,21.995],[33.159,21.995],[33.057,21.995],[32.955,21.995],[32.853,21.995],[32.75,21.995],[32.648,21.995],[32.545,21.995],[32.525,21.995],[32.443,21.995],[32.341,21.995],[32.238,21.995],[32.136,21.995],[32.034,21.995],[31.931,21.995],[31.829,21.995],[31.727,21.995],[31.624,21.995],[31.522,21.995],[31.495,21.995],[31.435,21.995],[31.467,22.084],[31.491,22.148],[31.492,22.173],[31.483,22.195],[31.461,22.215],[31.443,22.224],[31.423,22.227],[31.404,22.224],[31.385,22.214],[31.36,22.188],[31.314,22.102],[31.311,22.096],[31.262,22.002],[31.248,21.994],[31.21,21.994],[31.113,21.994],[31.016,21.994],[30.918,21.994],[30.821,21.994],[30.723,21.994],[30.626,21.994],[30.529,21.994],[30.432,21.994],[30.334,21.995],[30.237,21.995],[30.139,21.995],[30.042,21.995],[29.945,21.995],[29.848,21.995],[29.75,21.995],[29.653,21.995],[29.556,21.995],[29.458,21.995],[29.361,21.995],[29.264,21.995],[29.166,21.995],[29.069,21.995],[28.972,21.995],[28.874,21.995],[28.777,21.995],[28.68,21.995],[28.582,21.995],[28.485,21.995],[28.388,21.995],[28.29,21.995],[28.193,21.995],[28.096,21.995],[27.998,21.995],[27.901,21.995],[27.804,21.995],[27.706,21.995],[27.609,21.995],[27.512,21.995],[27.414,21.995],[27.317,21.995],[27.22,21.995],[27.122,21.995],[27.025,21.995],[26.928,21.995],[26.83,21.995],[26.733,21.995],[26.636,21.995],[26.538,21.995],[26.441,21.995],[26.344,21.995],[26.247,21.995],[26.149,21.995],[26.052,21.995],[25.954,21.995],[25.857,21.995],[25.76,21.995],[25.663,21.995],[25.565,21.995],[25.468,21.995],[25.371,21.995],[25.273,21.995],[25.176,21.995],[25.078,21.995],[24.981,21.995],[24.981,22.287],[24.981,22.579],[24.981,22.871],[24.981,23.163],[24.981,23.454],[24.981,23.746],[24.981,24.038],[24.981,24.33],[24.981,24.622],[24.981,24.914],[24.981,25.205],[24.981,25.497],[24.981,25.789],[24.981,26.081],[24.981,26.373],[24.981,26.665],[24.981,26.86],[24.981,27.049],[24.981,27.138],[24.981,27.475],[24.981,27.628],[24.981,27.667],[24.981,28.019],[24.981,28.097],[24.981,28.492],[24.981,28.89],[24.981,29.058],[24.981,29.181],[24.974,29.239],[24.957,29.293],[24.874,29.468],[24.864,29.503],[24.862,29.542],[24.871,29.614],[24.871,29.638],[24.856,29.679],[24.805,29.755],[24.798,29.796],[24.815,29.849],[24.816,29.868],[24.812,29.891],[24.726,30.078],[24.697,30.123],[24.688,30.144],[24.689,30.183],[24.705,30.218],[24.746,30.283],[24.763,30.317],[24.772,30.331],[24.799,30.361],[24.83,30.388],[24.888,30.464],[24.908,30.499],[24.917,30.532],[24.92,30.552],[24.951,30.621],[24.961,30.676],[24.974,30.716],[24.989,30.751],[24.995,30.785],[24.981,30.825],[24.938,30.906],[24.925,30.957],[24.89,31.019],[24.883,31.039],[24.859,31.146],[24.859,31.228],[24.849,31.312],[24.849,31.349],[24.861,31.38],[25.024,31.494],[25.06,31.579],[25.088,31.614],[25.151,31.656],[25.149,31.649],[25.162,31.584],[25.173,31.552],[25.191,31.531],[25.213,31.526],[25.263,31.524],[25.302,31.507],[25.323,31.506],[25.369,31.512],[25.378,31.51],[25.39,31.505],[25.402,31.503],[25.42,31.512],[25.445,31.518],[25.474,31.52],[25.636,31.561],[25.824,31.615],[25.869,31.621],[25.967,31.617],[26.362,31.522],[26.651,31.489],[26.667,31.481],[26.683,31.476],[26.733,31.479],[26.753,31.477],[26.825,31.448],[26.866,31.437],[26.912,31.437],[26.948,31.448],[26.966,31.45],[26.983,31.44],[26.996,31.429],[27.007,31.425],[27.016,31.424],[27.027,31.422],[27.054,31.409],[27.117,31.39],[27.185,31.384],[27.21,31.378],[27.226,31.368],[27.232,31.372],[27.242,31.377],[27.246,31.381],[27.258,31.38],[27.321,31.381],[27.327,31.379],[27.335,31.375],[27.342,31.368],[27.342,31.365],[27.34,31.361],[27.342,31.354],[27.35,31.341],[27.354,31.336],[27.359,31.333],[27.362,31.331],[27.364,31.315],[27.366,31.31],[27.374,31.298],[27.383,31.268],[27.394,31.255],[27.417,31.237],[27.446,31.223],[27.478,31.214],[27.541,31.206],[27.565,31.197],[27.588,31.193],[27.61,31.203],[27.66,31.18],[27.719,31.189],[27.836,31.238],[27.853,31.24],[27.863,31.234],[27.869,31.219],[27.87,31.2],[27.873,31.192],[27.89,31.155],[27.894,31.123],[27.897,31.114],[27.927,31.099],[27.975,31.093],[28.155,31.093],[28.166,31.091],[28.175,31.085],[28.183,31.078],[28.191,31.073],[28.204,31.071],[28.234,31.073],[28.256,31.071],[28.299,31.062],[28.318,31.06],[28.339,31.064],[28.382,31.083],[28.405,31.086],[28.424,31.083],[28.442,31.076],[28.458,31.067],[28.47,31.056],[28.479,31.052],[28.514,31.052],[28.528,31.05],[28.538,31.047],[28.555,31.039],[28.733,30.984],[28.768,30.967],[28.788,30.96],[28.812,30.957],[28.818,30.951],[28.825,30.924],[28.829,30.915],[28.836,30.911],[28.854,30.906],[29.028,30.827],[29.189,30.833],[29.219,30.838],[29.356,30.895],[29.503,30.957],[29.556,30.991],[29.598,31.01],[29.604,31.012],[29.611,31.022],[29.619,31.029],[29.766,31.122],[29.782,31.148],[29.809,31.142],[29.838,31.154],[29.885,31.19],[29.876,31.201],[29.872,31.2],[29.864,31.196],[29.869,31.206],[29.877,31.214],[29.885,31.214],[29.891,31.203],[29.898,31.203],[29.91,31.214],[29.956,31.25],[29.97,31.258],[29.983,31.263],[30.003,31.287],[30.011,31.293],[30.025,31.295],[30.033,31.3],[30.04,31.307],[30.049,31.313],[30.046,31.314],[30.043,31.314],[30.042,31.315],[30.042,31.321],[30.07,31.333],[30.067,31.305],[30.095,31.286],[30.098,31.285],[30.136,31.275],[30.173,31.271],[30.164,31.267],[30.153,31.256],[30.145,31.252],[30.144,31.247],[30.146,31.245],[30.149,31.245],[30.152,31.244],[30.14,31.237],[30.144,31.229],[30.155,31.222],[30.165,31.217],[30.207,31.238],[30.202,31.227],[30.207,31.221],[30.216,31.219],[30.22,31.22],[30.224,31.227],[30.255,31.252],[30.257,31.247],[30.258,31.246],[30.261,31.244],[30.264,31.25],[30.266,31.253],[30.268,31.257],[30.269,31.265],[30.275,31.265],[30.275,31.255],[30.277,31.246],[30.281,31.241],[30.289,31.238],[30.293,31.245],[30.303,31.271],[30.288,31.278],[30.273,31.275],[30.259,31.269],[30.241,31.265],[30.241,31.271],[30.244,31.272],[30.251,31.271],[30.255,31.271],[30.255,31.278],[30.238,31.274],[30.179,31.271],[30.179,31.278],[30.217,31.286],[30.252,31.303],[30.313,31.351],[30.334,31.381],[30.348,31.421],[30.352,31.463],[30.344,31.498],[30.351,31.498],[30.356,31.479],[30.365,31.46],[30.378,31.447],[30.399,31.443],[30.371,31.462],[30.356,31.491],[30.362,31.509],[30.399,31.491],[30.426,31.474],[30.456,31.463],[30.493,31.459],[30.536,31.464],[30.677,31.496],[30.974,31.587],[30.974,31.58],[30.959,31.578],[30.866,31.548],[30.789,31.51],[30.736,31.489],[30.693,31.464],[30.688,31.462],[30.674,31.46],[30.666,31.457],[30.628,31.434],[30.611,31.429],[30.571,31.427],[30.562,31.422],[30.558,31.422],[30.543,31.402],[30.543,31.395],[30.563,31.39],[30.57,31.39],[30.577,31.395],[30.584,31.395],[30.599,31.387],[30.627,31.389],[30.654,31.396],[30.666,31.406],[30.675,31.422],[30.695,31.417],[30.716,31.402],[30.728,31.388],[30.734,31.388],[30.741,31.406],[30.756,31.423],[30.775,31.437],[30.79,31.443],[30.799,31.446],[30.81,31.442],[30.823,31.435],[30.837,31.429],[30.847,31.43],[30.86,31.433],[30.874,31.435],[30.886,31.429],[30.883,31.428],[30.88,31.428],[30.878,31.427],[30.879,31.422],[30.892,31.419],[30.909,31.424],[30.926,31.433],[30.94,31.443],[30.937,31.444],[30.935,31.444],[30.933,31.445],[30.934,31.45],[30.937,31.452],[30.938,31.453],[30.938,31.454],[30.94,31.457],[30.974,31.444],[30.981,31.437],[30.99,31.443],[30.997,31.451],[31.008,31.471],[31.002,31.48],[31.006,31.486],[31.022,31.498],[31.025,31.504],[31.024,31.509],[31.023,31.514],[31.029,31.518],[31.035,31.52],[31.071,31.517],[31.081,31.514],[31.097,31.505],[31.1,31.501],[31.1,31.496],[31.102,31.492],[31.111,31.491],[31.119,31.493],[31.125,31.498],[31.129,31.504],[31.111,31.512],[31.118,31.516],[31.124,31.518],[31.13,31.517],[31.111,31.54],[31.071,31.565],[31.023,31.583],[30.978,31.584],[30.988,31.589],[31.012,31.597],[31.097,31.608],[31.129,31.605],[31.221,31.58],[31.35,31.53],[31.379,31.518],[31.42,31.491],[31.524,31.45],[31.557,31.443],[31.572,31.444],[31.597,31.444],[31.748,31.482],[31.838,31.525],[31.874,31.536],[31.913,31.535],[31.945,31.521],[31.959,31.494],[31.964,31.482],[31.996,31.446],[32.009,31.417],[32.025,31.4],[32.057,31.375],[32.068,31.371],[32.092,31.366],[32.094,31.366],[32.104,31.361],[32.129,31.337],[32.135,31.333],[32.15,31.328],[32.189,31.301],[32.2,31.295],[32.169,31.301],[32.07,31.354],[32.076,31.354],[32.08,31.354],[32.083,31.353],[32.091,31.347],[32.088,31.354],[32.084,31.359],[32.077,31.361],[32.056,31.363],[32.051,31.366],[32.049,31.371],[32.044,31.375],[32.017,31.388],[32.007,31.395],[32.002,31.395],[31.995,31.395],[31.992,31.409],[31.986,31.42],[31.978,31.43],[31.968,31.437],[31.981,31.437],[31.994,31.438],[31.943,31.492],[31.932,31.508],[31.918,31.524],[31.907,31.53],[31.906,31.525],[31.889,31.532],[31.883,31.529],[31.879,31.518],[31.865,31.525],[31.865,31.522],[31.866,31.515],[31.865,31.512],[31.862,31.514],[31.855,31.517],[31.851,31.518],[31.851,31.511],[31.849,31.505],[31.845,31.498],[31.865,31.498],[31.86,31.487],[31.875,31.463],[31.872,31.45],[31.879,31.45],[31.879,31.443],[31.872,31.443],[31.874,31.439],[31.877,31.434],[31.879,31.429],[31.872,31.429],[31.869,31.441],[31.862,31.451],[31.852,31.456],[31.838,31.457],[31.842,31.465],[31.838,31.465],[31.83,31.459],[31.824,31.443],[31.83,31.443],[31.834,31.444],[31.838,31.45],[31.845,31.445],[31.851,31.443],[31.858,31.443],[31.858,31.437],[31.851,31.437],[31.851,31.429],[31.855,31.423],[31.861,31.419],[31.868,31.417],[31.879,31.416],[31.872,31.41],[31.862,31.408],[31.852,31.41],[31.845,31.416],[31.838,31.416],[31.839,31.411],[31.837,31.41],[31.834,31.41],[31.83,31.409],[31.835,31.406],[31.839,31.402],[31.845,31.395],[31.831,31.38],[31.828,31.368],[31.837,31.362],[31.858,31.361],[31.858,31.354],[31.845,31.356],[31.834,31.36],[31.825,31.361],[31.817,31.354],[31.811,31.354],[31.804,31.36],[31.797,31.36],[31.792,31.354],[31.79,31.343],[31.794,31.338],[31.801,31.335],[31.803,31.331],[31.79,31.327],[31.79,31.321],[31.796,31.311],[31.789,31.307],[31.778,31.305],[31.769,31.299],[31.767,31.285],[31.773,31.276],[31.784,31.273],[31.795,31.278],[31.796,31.278],[31.794,31.28],[31.793,31.28],[31.792,31.281],[31.79,31.285],[31.804,31.28],[31.811,31.279],[31.821,31.278],[31.829,31.274],[31.83,31.265],[31.83,31.256],[31.834,31.252],[31.845,31.249],[31.861,31.242],[31.876,31.233],[31.886,31.224],[31.893,31.24],[31.899,31.247],[31.906,31.252],[31.902,31.242],[31.901,31.236],[31.902,31.231],[31.906,31.224],[31.893,31.224],[31.893,31.217],[31.906,31.217],[31.903,31.215],[31.9,31.213],[31.898,31.21],[31.899,31.203],[31.904,31.204],[31.907,31.206],[31.909,31.208],[31.913,31.211],[31.914,31.209],[31.914,31.206],[31.915,31.204],[31.92,31.203],[31.92,31.211],[31.927,31.211],[31.922,31.196],[31.926,31.187],[31.935,31.188],[31.94,31.203],[31.952,31.205],[31.968,31.219],[31.987,31.23],[32.009,31.224],[31.995,31.224],[31.995,31.217],[32.009,31.211],[32.012,31.215],[32.018,31.219],[32.023,31.224],[32.037,31.217],[32.037,31.211],[32.033,31.206],[32.031,31.203],[32.03,31.19],[32.041,31.194],[32.044,31.196],[32.042,31.188],[32.04,31.182],[32.037,31.179],[32.03,31.176],[32.03,31.17],[32.036,31.161],[32.037,31.15],[32.016,31.135],[32.016,31.128],[32.027,31.128],[32.035,31.13],[32.041,31.134],[32.044,31.142],[32.05,31.142],[32.051,31.131],[32.052,31.129],[32.055,31.123],[32.061,31.117],[32.07,31.114],[32.07,31.107],[32.06,31.105],[32.053,31.101],[32.048,31.095],[32.044,31.086],[32.049,31.085],[32.057,31.08],[32.067,31.085],[32.076,31.086],[32.084,31.084],[32.091,31.08],[32.091,31.073],[32.084,31.073],[32.084,31.066],[32.094,31.059],[32.106,31.053],[32.12,31.053],[32.132,31.06],[32.132,31.066],[32.117,31.066],[32.107,31.073],[32.101,31.083],[32.098,31.093],[32.113,31.091],[32.133,31.082],[32.143,31.08],[32.146,31.08],[32.138,31.093],[32.154,31.094],[32.159,31.093],[32.159,31.101],[32.155,31.102],[32.154,31.103],[32.154,31.104],[32.153,31.107],[32.154,31.108],[32.166,31.114],[32.167,31.108],[32.17,31.107],[32.174,31.108],[32.18,31.107],[32.176,31.118],[32.184,31.125],[32.195,31.126],[32.206,31.109],[32.219,31.105],[32.234,31.105],[32.248,31.107],[32.272,31.119],[32.283,31.137],[32.281,31.155],[32.262,31.17],[32.286,31.17],[32.287,31.17],[32.29,31.17],[32.295,31.199],[32.295,31.213],[32.29,31.23],[32.273,31.249],[32.271,31.258],[32.283,31.265],[32.268,31.273],[32.247,31.279],[32.226,31.282],[32.214,31.278],[32.207,31.295],[32.219,31.294],[32.233,31.293],[32.257,31.289],[32.3,31.281],[32.314,31.273],[32.32,31.273],[32.331,31.271],[32.334,31.255],[32.344,31.242],[32.359,31.233],[32.39,31.227],[32.401,31.217],[32.42,31.196],[32.463,31.161],[32.481,31.149],[32.51,31.107],[32.536,31.087],[32.566,31.071],[32.6,31.062],[32.602,31.061],[32.646,31.06],[32.688,31.064],[32.762,31.081],[32.851,31.119],[32.868,31.13],[32.909,31.148],[32.92,31.155],[32.927,31.155],[32.927,31.148],[32.895,31.137],[32.84,31.101],[32.807,31.093],[32.752,31.071],[32.667,31.052],[32.715,31.052],[32.715,31.046],[32.701,31.039],[32.731,31.039],[32.743,31.043],[32.749,31.052],[32.755,31.052],[32.756,31.047],[32.759,31.046],[32.764,31.046],[32.77,31.046],[32.831,31.08],[32.883,31.094],[32.893,31.101],[32.899,31.101],[32.903,31.095],[32.918,31.092],[32.914,31.087],[32.907,31.086],[32.907,31.08],[32.917,31.083],[32.941,31.093],[32.941,31.101],[32.914,31.101],[32.914,31.107],[32.927,31.112],[32.944,31.108],[32.959,31.098],[32.969,31.086],[32.971,31.081],[32.973,31.071],[32.975,31.066],[32.961,31.066],[32.994,31.056],[33.01,31.056],[33.023,31.066],[33.023,31.073],[33.014,31.078],[33.009,31.08],[33.009,31.086],[33.048,31.095],[33.057,31.101],[33.053,31.108],[33.055,31.116],[33.06,31.124],[33.064,31.135],[33.057,31.135],[33.051,31.128],[33.03,31.114],[33.027,31.111],[33.024,31.108],[33.024,31.105],[33.03,31.101],[33.017,31.098],[32.994,31.098],[32.971,31.101],[32.954,31.107],[32.985,31.11],[33.002,31.125],[33.014,31.145],[33.03,31.162],[33.042,31.167],[33.067,31.171],[33.079,31.176],[33.098,31.192],[33.109,31.196],[33.126,31.196],[33.126,31.19],[33.099,31.19],[33.099,31.183],[33.111,31.175],[33.147,31.135],[33.158,31.118],[33.154,31.112],[33.141,31.11],[33.126,31.101],[33.125,31.103],[33.125,31.106],[33.124,31.108],[33.119,31.107],[33.119,31.101],[33.136,31.091],[33.145,31.078],[33.144,31.063],[33.133,31.046],[33.169,31.058],[33.188,31.062],[33.201,31.06],[33.208,31.061],[33.212,31.061],[33.221,31.06],[33.221,31.066],[33.208,31.073],[33.201,31.073],[33.201,31.066],[33.195,31.066],[33.195,31.073],[33.248,31.091],[33.262,31.101],[33.27,31.101],[33.262,31.093],[33.27,31.086],[33.277,31.092],[33.285,31.093],[33.292,31.088],[33.297,31.08],[33.304,31.08],[33.305,31.088],[33.305,31.098],[33.303,31.1],[33.318,31.101],[33.308,31.105],[33.298,31.104],[33.289,31.105],[33.277,31.107],[33.386,31.114],[33.378,31.133],[33.391,31.136],[33.406,31.137],[33.406,31.155],[33.417,31.151],[33.421,31.148],[33.428,31.148],[33.441,31.151],[33.481,31.133],[33.5,31.128],[33.573,31.122],[33.592,31.114],[33.592,31.121],[33.615,31.115],[33.648,31.117],[33.854,31.163],[34.047,31.229],[34.198,31.313],[34.2,31.314],[34.225,31.276],[34.23,31.259],[34.248,31.211]],[[34.862,22.68],[34.778,22.5],[34.828,22.607],[34.862,22.68]],[[34.682,22.298],[34.423,22.249],[34.147,22.192],[34.321,22.226],[34.502,22.262],[34.682,22.298]]],[[[33.955,26.79],[33.971,26.791],[33.971,26.791],[33.976,26.79],[33.995,26.752],[34.003,26.732],[34.004,26.708],[33.99,26.72],[33.983,26.734],[33.955,26.79]]],[[[34.007,27.509],[34.028,27.502],[34.035,27.485],[34.038,27.467],[34.051,27.455],[34.051,27.449],[34.044,27.45],[34.031,27.451],[34.013,27.47],[34.007,27.476],[33.986,27.482],[33.976,27.487],[33.967,27.498],[33.956,27.504],[33.956,27.504],[33.934,27.495],[33.924,27.501],[33.917,27.513],[33.914,27.524],[33.919,27.53],[33.926,27.534],[33.933,27.536],[33.941,27.537],[33.964,27.534],[33.972,27.53],[33.981,27.525],[33.989,27.518],[33.994,27.514],[34.007,27.509]]],[[[34.585,27.955],[34.585,27.955],[34.601,27.943],[34.62,27.928],[34.62,27.92],[34.582,27.918],[34.547,27.92],[34.518,27.93],[34.498,27.953],[34.496,27.955],[34.498,27.969],[34.494,27.988],[34.49,27.996],[34.493,28.001],[34.494,28.002],[34.494,28.002],[34.496,27.996],[34.496,27.996],[34.5,28.004],[34.505,28.01],[34.511,28.014],[34.517,28.017],[34.517,28.017],[34.535,28.008],[34.541,28.003],[34.544,27.996],[34.518,27.991],[34.507,27.986],[34.503,27.976],[34.508,27.971],[34.512,27.967],[34.529,27.966],[34.558,27.97],[34.571,27.974],[34.573,27.972],[34.575,27.972],[34.58,27.966],[34.584,27.958],[34.585,27.955]]],[[[32.979,31.082],[32.975,31.086],[32.97,31.087],[32.977,31.091],[32.983,31.09],[32.987,31.084],[32.989,31.073],[32.979,31.082]]],[[[33.376,31.19],[33.406,31.184],[33.433,31.172],[33.476,31.142],[33.454,31.155],[33.299,31.213],[33.27,31.217],[33.301,31.216],[33.353,31.195],[33.376,31.19]]],[[[33.079,31.227],[33.105,31.24],[33.262,31.224],[33.256,31.219],[33.243,31.219],[33.213,31.224],[33.183,31.228],[33.153,31.232],[33.119,31.224],[33.103,31.227],[33.076,31.219],[32.956,31.163],[32.935,31.148],[32.946,31.163],[32.97,31.173],[32.989,31.182],[33.001,31.188],[33.015,31.197],[33.067,31.217],[33.079,31.227]]],[[[34.732,27.957],[34.732,27.919],[34.705,27.908],[34.681,27.915],[34.662,27.93],[34.682,27.959],[34.732,27.957]]]]}},{"type":"Feature","properties":{"name":"Northern Cyprus"},"geometry":{"type":"MultiPolygon","coordinates":[[[[34.012,35.064],[34.009,35.06],[33.963,35.068],[33.941,35.06],[33.925,35.063],[33.913,35.066],[33.907,35.069],[33.907,35.069],[33.908,35.071],[33.914,35.073],[33.921,35.081],[33.914,35.091],[33.906,35.091],[33.906,35.096],[33.904,35.1],[33.899,35.109],[33.892,35.11],[33.889,35.119],[33.876,35.119],[33.872,35.1],[33.872,35.085],[33.877,35.077],[33.872,35.073],[33.867,35.067],[33.854,35.058],[33.843,35.057],[33.835,35.064],[33.824,35.067],[33.798,35.053],[33.794,35.04],[33.786,35.039],[33.776,35.04],[33.766,35.032],[33.74,35.047],[33.718,35.032],[33.708,35.029],[33.711,35.041],[33.719,35.063],[33.715,35.067],[33.705,35.067],[33.694,35.058],[33.679,35.056],[33.674,35.046],[33.676,35.037],[33.679,35.034],[33.671,35.031],[33.656,35.032],[33.652,35.031],[33.638,35.031],[33.614,35.046],[33.602,35.042],[33.592,35.034],[33.579,35.035],[33.566,35.043],[33.562,35.058],[33.555,35.067],[33.547,35.073],[33.541,35.073],[33.537,35.067],[33.535,35.057],[33.529,35.056],[33.516,35.06],[33.507,35.061],[33.5,35.061],[33.494,35.057],[33.486,35.039],[33.481,35.032],[33.478,35.019],[33.477,35.009],[33.477,35.003],[33.467,35.005],[33.466,35.014],[33.471,35.039],[33.477,35.057],[33.477,35.077],[33.477,35.095],[33.47,35.104],[33.451,35.132],[33.44,35.149],[33.428,35.168],[33.425,35.182],[33.421,35.194],[33.414,35.199],[33.4,35.198],[33.389,35.188],[33.381,35.178],[33.375,35.174],[33.345,35.167],[33.326,35.167],[33.315,35.162],[33.3,35.163],[33.271,35.169],[33.24,35.171],[33.224,35.179],[33.19,35.19],[33.157,35.185],[33.142,35.181],[33.12,35.16],[33.109,35.159],[33.096,35.17],[33.079,35.165],[33.056,35.156],[33.031,35.149],[33.014,35.142],[32.989,35.131],[32.97,35.113],[32.947,35.103],[32.934,35.1],[32.923,35.099],[32.912,35.1],[32.888,35.103],[32.877,35.1],[32.87,35.098],[32.861,35.088],[32.855,35.079],[32.839,35.08],[32.83,35.1],[32.814,35.117],[32.795,35.127],[32.76,35.134],[32.744,35.138],[32.732,35.143],[32.721,35.153],[32.713,35.163],[32.711,35.175],[32.711,35.182],[32.745,35.178],[32.776,35.171],[32.801,35.157],[32.828,35.149],[32.865,35.157],[32.893,35.175],[32.915,35.201],[32.929,35.233],[32.935,35.271],[32.936,35.337],[32.932,35.366],[32.92,35.398],[32.944,35.395],[32.985,35.375],[33.006,35.37],[33.07,35.359],[33.14,35.362],[33.262,35.349],[33.281,35.342],[33.428,35.329],[33.66,35.359],[33.743,35.398],[33.784,35.417],[33.835,35.41],[33.888,35.424],[34.036,35.471],[34.076,35.494],[34.131,35.511],[34.182,35.554],[34.21,35.559],[34.268,35.572],[34.32,35.586],[34.361,35.608],[34.544,35.678],[34.578,35.69],[34.593,35.692],[34.587,35.689],[34.584,35.685],[34.581,35.681],[34.579,35.678],[34.575,35.65],[34.573,35.644],[34.565,35.641],[34.542,35.637],[34.537,35.634],[34.441,35.584],[34.352,35.521],[34.138,35.415],[34.109,35.394],[34.085,35.37],[34.068,35.338],[34.059,35.324],[34.044,35.315],[34.02,35.314],[33.995,35.319],[33.971,35.321],[33.952,35.312],[33.924,35.279],[33.912,35.26],[33.907,35.243],[33.9,35.164],[33.914,35.156],[33.954,35.123],[33.962,35.113],[33.967,35.1],[33.979,35.087],[34.012,35.064]]],[[[32.641,35.187],[32.639,35.184],[32.635,35.173],[32.626,35.165],[32.615,35.163],[32.603,35.174],[32.602,35.179],[32.619,35.185],[32.641,35.187]]]]}}]}